{
    "data scientist": {
        "ann arbor": 9,
        "atlanta": 30,
        "austin": null,
        "boston": 77,
        "charlotte": 6,
        "chicago": 42,
        "cincinnati": 15,
        "columbia": 0,
        "dallas": 15,
        "denver": 11,
        "houston": 12,
        "jacksonville": 0,
        "los angeles": 95,
        "louisville": 2,
        "miami": 9,
        "minneapolis": 11,
        "nashville": 4,
        "new york": 94,
        "newport news": null,
        "phoenix": 8,
        "san diego": 24,
        "san francisco": 89,
        "seattle": 12,
        "virginia beach": null
    },
    "data engineer": {
        "ann arbor": 300,
        "atlanta": 300,
        "austin": 300,
        "boston": 300,
        "charlotte": 300,
        "chicago": 300,
        "cincinnati": 201,
        "columbia": 30,
        "dallas": 300,
        "denver": 300,
        "houston": 300,
        "jacksonville": 194,
        "los angeles": 300,
        "louisville": 107,
        "miami": 239,
        "minneapolis": 300,
        "nashville": 148,
        "new york": 300,
        "newport news": 82,
        "phoenix": 275,
        "san diego": 241,
        "san francisco": 300,
        "seattle": 300,
        "virginia beach": 81
    },
    "data analyst": {
        "ann arbor": 84,
        "atlanta": 285,
        "austin": 120,
        "boston": 300,
        "charlotte": 252,
        "chicago": 300,
        "cincinnati": 95,
        "columbia": 14,
        "dallas": 300,
        "denver": 134,
        "houston": 231,
        "jacksonville": 84,
        "los angeles": 300,
        "louisville": 31,
        "miami": 143,
        "minneapolis": 252,
        "nashville": 125,
        "new york": 300,
        "newport news": 45,
        "phoenix": 123,
        "san diego": 96,
        "san francisco": 300,
        "seattle": 91,
        "virginia beach": 45
    },
    "statistician": {
        "ann arbor": 28,
        "atlanta": 66,
        "austin": 6,
        "boston": 94,
        "charlotte": 18,
        "chicago": 149,
        "cincinnati": 23,
        "columbia": null,
        "dallas": 108,
        "denver": 37,
        "houston": 79,
        "jacksonville": 12,
        "los angeles": 148,
        "louisville": 6,
        "miami": 50,
        "minneapolis": 57,
        "nashville": 30,
        "new york": 168,
        "newport news": 8,
        "phoenix": 26,
        "san diego": 23,
        "san francisco": 91,
        "seattle": 31,
        "virginia beach": 8
    },
    "data & analytics manager": {
        "ann arbor": 21,
        "atlanta": 86,
        "austin": 39,
        "boston": 61,
        "charlotte": 42,
        "chicago": 119,
        "cincinnati": 15,
        "columbia": 3,
        "dallas": 84,
        "denver": 28,
        "houston": 41,
        "jacksonville": 11,
        "los angeles": 97,
        "louisville": 6,
        "miami": 23,
        "minneapolis": 19,
        "nashville": 13,
        "new york": 160,
        "newport news": 13,
        "phoenix": 32,
        "san diego": 15,
        "san francisco": 85,
        "seattle": 32,
        "virginia beach": 13
    }
}