alias,categories,coordinates,display_phone,distance,id,image_url,is_closed,location,name,phone,price,rating,review_count,transactions,url
caseys-new-orleans-snowballs-austin,"[{'alias': 'icecream', 'title': 'Ice Cream & Frozen Yogurt'}, {'alias': 'foodtrucks', 'title': 'Food Trucks'}]","{'latitude': 30.3120767, 'longitude': -97.714964}",,4176.0346092146165,ZlIUV5wDsUrQJ1AgANG47g,https://s3-media3.fl.yelpcdn.com/bphoto/YebHdWvLMD0eLXnRt5QRDg/o.jpg,False,"{'address1': '808 E 51st St', 'address2': '', 'address3': '', 'city': 'Austin', 'zip_code': '78751', 'country': 'US', 'state': 'TX', 'display_address': ['808 E 51st St', 'Austin, TX 78751']}",Casey's New Orleans Snowballs,,$,4.5,283,[],https://www.yelp.com/biz/caseys-new-orleans-snowballs-austin?adjust_creative=aRVAoRVyM2B_4sfVQIy4Yw&utm_campaign=yelp_api_v3&utm_medium=api_v3_business_search&utm_source=aRVAoRVyM2B_4sfVQIy4Yw
nadamoo-austin-4,"[{'alias': 'icecream', 'title': 'Ice Cream & Frozen Yogurt'}, {'alias': 'vegan', 'title': 'Vegan'}, {'alias': 'coffee', 'title': 'Coffee & Tea'}]","{'latitude': 30.25054, 'longitude': -97.76547}",(512) 566-4964,6120.234823499611,L1eFKT60jkKdxumBa6O2wg,https://s3-media1.fl.yelpcdn.com/bphoto/cJFQKz6Y4xLJLDe2c4QVOg/o.jpg,False,"{'address1': '1701 South Lamar Blvd', 'address2': None, 'address3': '', 'city': 'Austin', 'zip_code': '78704', 'country': 'US', 'state': 'TX', 'display_address': ['1701 South Lamar Blvd', 'Austin, TX 78704']}",NadaMoo!,+15125664964,$,4.5,64,[],https://www.yelp.com/biz/nadamoo-austin-4?adjust_creative=aRVAoRVyM2B_4sfVQIy4Yw&utm_campaign=yelp_api_v3&utm_medium=api_v3_business_search&utm_source=aRVAoRVyM2B_4sfVQIy4Yw
michoacana-natural-ice-cream-austin,"[{'alias': 'icecream', 'title': 'Ice Cream & Frozen Yogurt'}]","{'latitude': 30.3690258957361, 'longitude': -97.706375289006}",(512) 983-2267,8644.011983116248,_SNGG8_fciOsAT5d-jutcA,https://s3-media3.fl.yelpcdn.com/bphoto/tU-pK0ICRzLzO3LaLVeCXA/o.jpg,False,"{'address1': '9426 Parkfield Dr', 'address2': '', 'address3': '', 'city': 'Austin', 'zip_code': '78758', 'country': 'US', 'state': 'TX', 'display_address': ['9426 Parkfield Dr', 'Austin, TX 78758']}",Michoacana Natural Ice Cream,+15129832267,$,4.5,78,[],https://www.yelp.com/biz/michoacana-natural-ice-cream-austin?adjust_creative=aRVAoRVyM2B_4sfVQIy4Yw&utm_campaign=yelp_api_v3&utm_medium=api_v3_business_search&utm_source=aRVAoRVyM2B_4sfVQIy4Yw
cold-cookie-company-austin-2,"[{'alias': 'foodtrucks', 'title': 'Food Trucks'}, {'alias': 'icecream', 'title': 'Ice Cream & Frozen Yogurt'}, {'alias': 'sandwiches', 'title': 'Sandwiches'}]","{'latitude': 30.29051, 'longitude': -97.74464}",(512) 720-2334,2052.837962000079,I-oQr9U_5VXajCC2nMRHmg,https://s3-media1.fl.yelpcdn.com/bphoto/YWicF3fGh0DjiYCFRD7oSg/o.jpg,False,"{'address1': '2512 Rio Grande', 'address2': None, 'address3': '', 'city': 'Austin', 'zip_code': '78705', 'country': 'US', 'state': 'TX', 'display_address': ['2512 Rio Grande', 'Austin, TX 78705']}",Cold Cookie Company,+15127202334,$,4.0,77,[],https://www.yelp.com/biz/cold-cookie-company-austin-2?adjust_creative=aRVAoRVyM2B_4sfVQIy4Yw&utm_campaign=yelp_api_v3&utm_medium=api_v3_business_search&utm_source=aRVAoRVyM2B_4sfVQIy4Yw
dolce-neve-austin,"[{'alias': 'gelato', 'title': 'Gelato'}, {'alias': 'icecream', 'title': 'Ice Cream & Frozen Yogurt'}, {'alias': 'coffee', 'title': 'Coffee & Tea'}]","{'latitude': 30.247625, 'longitude': -97.755404}",(512) 804-5568,6401.051305407798,rfqq-rHTTipS5XSuOhxCXg,https://s3-media2.fl.yelpcdn.com/bphoto/aLSh61lEJN_sZNBDn3k3Kw/o.jpg,False,"{'address1': '1713 S 1st St', 'address2': '', 'address3': '', 'city': 'Austin', 'zip_code': '78704', 'country': 'US', 'state': 'TX', 'display_address': ['1713 S 1st St', 'Austin, TX 78704']}",Dolce Neve,+15128045568,$$,4.5,567,[],https://www.yelp.com/biz/dolce-neve-austin?adjust_creative=aRVAoRVyM2B_4sfVQIy4Yw&utm_campaign=yelp_api_v3&utm_medium=api_v3_business_search&utm_source=aRVAoRVyM2B_4sfVQIy4Yw
the-hideout-coffeehouse-austin-2,"[{'alias': 'coffee', 'title': 'Coffee & Tea'}, {'alias': 'cafes', 'title': 'Cafes'}]","{'latitude': 30.26856, 'longitude': -97.74215}",(512) 443-3688,4330.205313229037,tM1IgJCzeokdXrHWbX0K8Q,https://s3-media1.fl.yelpcdn.com/bphoto/oq_kQNfZmpcKFsu8jkCRdw/o.jpg,False,"{'address1': '617 Congress Ave', 'address2': '', 'address3': 'The Hideout Theatre', 'city': 'Austin', 'zip_code': '78701', 'country': 'US', 'state': 'TX', 'display_address': ['617 Congress Ave', 'The Hideout Theatre', 'Austin, TX 78701']}",The Hideout Coffeehouse,+15124433688,$,4.0,289,[],https://www.yelp.com/biz/the-hideout-coffeehouse-austin-2?adjust_creative=aRVAoRVyM2B_4sfVQIy4Yw&utm_campaign=yelp_api_v3&utm_medium=api_v3_business_search&utm_source=aRVAoRVyM2B_4sfVQIy4Yw
caffe-teo-gelato-and-espresso-austin,"[{'alias': 'coffee', 'title': 'Coffee & Tea'}, {'alias': 'icecream', 'title': 'Ice Cream & Frozen Yogurt'}, {'alias': 'gelato', 'title': 'Gelato'}]","{'latitude': 30.306588, 'longitude': -97.745231}",(512) 451-9555,1209.5489111997526,QF9-_EoCi2bVCBjLhd4gtg,https://s3-media3.fl.yelpcdn.com/bphoto/H2jM6VyqjtoqYGK-T9Qvhg/o.jpg,False,"{'address1': '1206 W 38th St', 'address2': 'Ste 1204B', 'address3': '', 'city': 'Austin', 'zip_code': '78705', 'country': 'US', 'state': 'TX', 'display_address': ['1206 W 38th St', 'Ste 1204B', 'Austin, TX 78705']}",Caffe Teo - Gelato and Espresso,+15124519555,$,4.0,313,[],https://www.yelp.com/biz/caffe-teo-gelato-and-espresso-austin?adjust_creative=aRVAoRVyM2B_4sfVQIy4Yw&utm_campaign=yelp_api_v3&utm_medium=api_v3_business_search&utm_source=aRVAoRVyM2B_4sfVQIy4Yw
prohibition-creamery-austin,"[{'alias': 'icecream', 'title': 'Ice Cream & Frozen Yogurt'}, {'alias': 'cocktailbars', 'title': 'Cocktail Bars'}]","{'latitude': 30.26422, 'longitude': -97.72763}",(512) 992-1449,5385.095378265173,STNf87wH--aqR1bnP8bymQ,https://s3-media4.fl.yelpcdn.com/bphoto/wnhTIGXyks-v1A_EwBH7lg/o.jpg,False,"{'address1': '1407 E 7th St', 'address2': '', 'address3': '', 'city': 'Austin', 'zip_code': '78702', 'country': 'US', 'state': 'TX', 'display_address': ['1407 E 7th St', 'Austin, TX 78702']}",Prohibition Creamery,+15129921449,$$,4.0,293,[],https://www.yelp.com/biz/prohibition-creamery-austin?adjust_creative=aRVAoRVyM2B_4sfVQIy4Yw&utm_campaign=yelp_api_v3&utm_medium=api_v3_business_search&utm_source=aRVAoRVyM2B_4sfVQIy4Yw
revival-coffee-austin-2,"[{'alias': 'coffee', 'title': 'Coffee & Tea'}, {'alias': 'foodtrucks', 'title': 'Food Trucks'}]","{'latitude': 30.26427, 'longitude': -97.72776}",(512) 524-0583,5379.395493736933,cMB8pX870DZzTNg1TSGRVA,https://s3-media1.fl.yelpcdn.com/bphoto/JHRzFI54GheSs4rW-HO2pg/o.jpg,False,"{'address1': '1405 E 7th St', 'address2': None, 'address3': '', 'city': 'Austin', 'zip_code': '78702', 'country': 'US', 'state': 'TX', 'display_address': ['1405 E 7th St', 'Austin, TX 78702']}",Revival Coffee,+15125240583,$,4.5,461,[],https://www.yelp.com/biz/revival-coffee-austin-2?adjust_creative=aRVAoRVyM2B_4sfVQIy4Yw&utm_campaign=yelp_api_v3&utm_medium=api_v3_business_search&utm_source=aRVAoRVyM2B_4sfVQIy4Yw
d-lites-austin,"[{'alias': 'icecream', 'title': 'Ice Cream & Frozen Yogurt'}]","{'latitude': 30.223735, 'longitude': -97.839451}",(512) 891-0396,11982.502533592567,khghDJpPqW5hG4IXr8sF4A,https://s3-media1.fl.yelpcdn.com/bphoto/2ci1zZqq-UURmU0MO5egig/o.jpg,False,"{'address1': '4404 W William Cannon Dr', 'address2': '', 'address3': '', 'city': 'Austin', 'zip_code': '78749', 'country': 'US', 'state': 'TX', 'display_address': ['4404 W William Cannon Dr', 'Austin, TX 78749']}",D'Lites,+15128910396,$,4.5,143,"['delivery', 'pickup']",https://www.yelp.com/biz/d-lites-austin?adjust_creative=aRVAoRVyM2B_4sfVQIy4Yw&utm_campaign=yelp_api_v3&utm_medium=api_v3_business_search&utm_source=aRVAoRVyM2B_4sfVQIy4Yw
sorrentos-drive-thru-coffee-austin,"[{'alias': 'coffee', 'title': 'Coffee & Tea'}, {'alias': 'juicebars', 'title': 'Juice Bars & Smoothies'}, {'alias': 'breakfast_brunch', 'title': 'Breakfast & Brunch'}]","{'latitude': 30.360571, 'longitude': -97.740738}",(512) 419-9330,6373.748395751788,Hrqfxt99q19T4OdEG5_6bQ,https://s3-media4.fl.yelpcdn.com/bphoto/bclyX04S5Wpx1L5FIuA8Zw/o.jpg,False,"{'address1': '3021 W Anderson Ln', 'address2': None, 'address3': '', 'city': 'Austin', 'zip_code': '78757', 'country': 'US', 'state': 'TX', 'display_address': ['3021 W Anderson Ln', 'Austin, TX 78757']}",Sorrento's Drive Thru Coffee,+15124199330,$,4.5,159,[],https://www.yelp.com/biz/sorrentos-drive-thru-coffee-austin?adjust_creative=aRVAoRVyM2B_4sfVQIy4Yw&utm_campaign=yelp_api_v3&utm_medium=api_v3_business_search&utm_source=aRVAoRVyM2B_4sfVQIy4Yw
sugar-pine-austin,"[{'alias': 'coffee', 'title': 'Coffee & Tea'}, {'alias': 'tapasmallplates', 'title': 'Tapas/Small Plates'}, {'alias': 'icecream', 'title': 'Ice Cream & Frozen Yogurt'}]","{'latitude': 30.36184, 'longitude': -97.71761}",,7380.796064430318,bQbO4RPTcS50EzoLx2Y2QQ,https://s3-media3.fl.yelpcdn.com/bphoto/A77JmiF-wKFyNtGSkVhvaw/o.jpg,False,"{'address1': '8578 Research Blvd', 'address2': '', 'address3': None, 'city': 'Austin', 'zip_code': '78758', 'country': 'US', 'state': 'TX', 'display_address': ['8578 Research Blvd', 'Austin, TX 78758']}",Sugar Pine,,,5.0,20,[],https://www.yelp.com/biz/sugar-pine-austin?adjust_creative=aRVAoRVyM2B_4sfVQIy4Yw&utm_campaign=yelp_api_v3&utm_medium=api_v3_business_search&utm_source=aRVAoRVyM2B_4sfVQIy4Yw
yamis-fruteria-and-ice-cream-austin-3,"[{'alias': 'shavedice', 'title': 'Shaved Ice'}, {'alias': 'markets', 'title': 'Fruits & Veggies'}, {'alias': 'icecream', 'title': 'Ice Cream & Frozen Yogurt'}]","{'latitude': 30.3390785131002, 'longitude': -97.7177349105477}",(512) 494-4933,5381.2632567160645,R-BfKdqMxA72vkOUBux3Xg,https://s3-media3.fl.yelpcdn.com/bphoto/sjf_VhdmQ02Xtnyv2iEzVQ/o.jpg,False,"{'address1': '7135 N Lamar Blvd', 'address2': '', 'address3': '', 'city': 'Austin', 'zip_code': '78752', 'country': 'US', 'state': 'TX', 'display_address': ['7135 N Lamar Blvd', 'Austin, TX 78752']}",Yamis Fruteria & Ice Cream,+15124944933,$,4.5,32,[],https://www.yelp.com/biz/yamis-fruteria-and-ice-cream-austin-3?adjust_creative=aRVAoRVyM2B_4sfVQIy4Yw&utm_campaign=yelp_api_v3&utm_medium=api_v3_business_search&utm_source=aRVAoRVyM2B_4sfVQIy4Yw
zero-below-ice-cream-austin-3,"[{'alias': 'icecream', 'title': 'Ice Cream & Frozen Yogurt'}]","{'latitude': 30.37264, 'longitude': -97.7277}",(512) 579-0262,8028.620647398423,phz-44MVDMcVLBoOfY1pEw,https://s3-media2.fl.yelpcdn.com/bphoto/xniBXy80FWrh9mgc8K_SRA/o.jpg,False,"{'address1': '9070 Research Blvd', 'address2': 'Ste 104', 'address3': '', 'city': 'Austin', 'zip_code': '78758', 'country': 'US', 'state': 'TX', 'display_address': ['9070 Research Blvd', 'Ste 104', 'Austin, TX 78758']}",Zero Below Ice Cream,+15125790262,$,3.5,37,[],https://www.yelp.com/biz/zero-below-ice-cream-austin-3?adjust_creative=aRVAoRVyM2B_4sfVQIy4Yw&utm_campaign=yelp_api_v3&utm_medium=api_v3_business_search&utm_source=aRVAoRVyM2B_4sfVQIy4Yw
lick-honest-ice-creams-austin-4,"[{'alias': 'icecream', 'title': 'Ice Cream & Frozen Yogurt'}]","{'latitude': 30.2978476778684, 'longitude': -97.7051388637543}",(512) 502-5949,5113.068643386674,8HdP8F-_VQleiy0HzEvnWA,https://s3-media2.fl.yelpcdn.com/bphoto/GZdkqJRw0p8FI4oQ27PUUA/o.jpg,False,"{'address1': '1905 Aldrich St', 'address2': None, 'address3': '', 'city': 'Austin', 'zip_code': '78723', 'country': 'US', 'state': 'TX', 'display_address': ['1905 Aldrich St', 'Austin, TX 78723']}",Lick Honest Ice Creams,+15125025949,$$,4.0,85,[],https://www.yelp.com/biz/lick-honest-ice-creams-austin-4?adjust_creative=aRVAoRVyM2B_4sfVQIy4Yw&utm_campaign=yelp_api_v3&utm_medium=api_v3_business_search&utm_source=aRVAoRVyM2B_4sfVQIy4Yw
sno-beach-austin-4,"[{'alias': 'shavedice', 'title': 'Shaved Ice'}, {'alias': 'foodtrucks', 'title': 'Food Trucks'}]","{'latitude': 30.2645732095575, 'longitude': -97.7632821131563}",,4544.113976429088,bsh0QPcNL2BrcuCtCl8Qzw,https://s3-media2.fl.yelpcdn.com/bphoto/1Q0u9K0CFh_nt4RZLEAIYQ/o.jpg,False,"{'address1': '412 Sterzing St', 'address2': '', 'address3': '', 'city': 'Austin', 'zip_code': '78704', 'country': 'US', 'state': 'TX', 'display_address': ['412 Sterzing St', 'Austin, TX 78704']}",Sno-Beach,,$,4.5,206,[],https://www.yelp.com/biz/sno-beach-austin-4?adjust_creative=aRVAoRVyM2B_4sfVQIy4Yw&utm_campaign=yelp_api_v3&utm_medium=api_v3_business_search&utm_source=aRVAoRVyM2B_4sfVQIy4Yw
starbucks-austin-21,"[{'alias': 'coffee', 'title': 'Coffee & Tea'}]","{'latitude': 30.3598112287869, 'longitude': -97.737927}",(512) 467-1548,6367.3315163180805,3NFpMYEfMYw5BNczR7_qlA,https://s3-media3.fl.yelpcdn.com/bphoto/29UVLy42wKOAgD3SyIYHeQ/o.jpg,False,"{'address1': '2900 West Anderson Lane', 'address2': None, 'address3': '', 'city': 'Austin', 'zip_code': '78757', 'country': 'US', 'state': 'TX', 'display_address': ['2900 West Anderson Lane', 'Austin, TX 78757']}",Starbucks,+15124671548,$$,3.0,135,[],https://www.yelp.com/biz/starbucks-austin-21?adjust_creative=aRVAoRVyM2B_4sfVQIy4Yw&utm_campaign=yelp_api_v3&utm_medium=api_v3_business_search&utm_source=aRVAoRVyM2B_4sfVQIy4Yw
fat-cats-organic-coffee-and-dessert-austin,"[{'alias': 'coffee', 'title': 'Coffee & Tea'}, {'alias': 'icecream', 'title': 'Ice Cream & Frozen Yogurt'}, {'alias': 'bakeries', 'title': 'Bakeries'}]","{'latitude': 30.33849, 'longitude': -97.71895}",(512) 296-2960,5264.630805370911,s21VZ2u1LnzIHUCeBOHCxw,https://s3-media2.fl.yelpcdn.com/bphoto/uRMuqRip6HqaksPJxqzV9Q/o.jpg,False,"{'address1': '7020 Easy Wind Dr', 'address2': 'Ste 140', 'address3': '', 'city': 'Austin', 'zip_code': '78752', 'country': 'US', 'state': 'TX', 'display_address': ['7020 Easy Wind Dr', 'Ste 140', 'Austin, TX 78752']}",Fat Cats Organic Coffee And Dessert,+15122962960,$,4.5,194,[],https://www.yelp.com/biz/fat-cats-organic-coffee-and-dessert-austin?adjust_creative=aRVAoRVyM2B_4sfVQIy4Yw&utm_campaign=yelp_api_v3&utm_medium=api_v3_business_search&utm_source=aRVAoRVyM2B_4sfVQIy4Yw
scoop-and-score-cedar-park-4,"[{'alias': 'coffee', 'title': 'Coffee & Tea'}, {'alias': 'icecream', 'title': 'Ice Cream & Frozen Yogurt'}]","{'latitude': 30.518474, 'longitude': -97.7906447595262}",(512) 387-5383,23929.01843692259,TeVBtbf3Z8TC_wgddPWH7A,https://s3-media4.fl.yelpcdn.com/bphoto/C5w2m7WFaLyRFUarRz7a1Q/o.jpg,False,"{'address1': '111 N Vista Ridge Blvd', 'address2': 'Ste 202', 'address3': '', 'city': 'Cedar Park', 'zip_code': '78613', 'country': 'US', 'state': 'TX', 'display_address': ['111 N Vista Ridge Blvd', 'Ste 202', 'Cedar Park, TX 78613']}",Scoop & Score,+15123875383,$,5.0,139,"['delivery', 'pickup']",https://www.yelp.com/biz/scoop-and-score-cedar-park-4?adjust_creative=aRVAoRVyM2B_4sfVQIy4Yw&utm_campaign=yelp_api_v3&utm_medium=api_v3_business_search&utm_source=aRVAoRVyM2B_4sfVQIy4Yw
cups-and-cones-austin,"[{'alias': 'coffee', 'title': 'Coffee & Tea'}, {'alias': 'icecream', 'title': 'Ice Cream & Frozen Yogurt'}, {'alias': 'burgers', 'title': 'Burgers'}]","{'latitude': 30.36917, 'longitude': -97.8926199}",(512) 266-2444,14781.914746467863,qjlGTfuSFr2uoQy4Dh4D_A,https://s3-media3.fl.yelpcdn.com/bphoto/eQEg5jd4upmC0H3h2t8LJA/o.jpg,False,"{'address1': '2900 N Quinlan Park Rd', 'address2': 'Ste 290', 'address3': None, 'city': 'Austin', 'zip_code': '78732', 'country': 'US', 'state': 'TX', 'display_address': ['2900 N Quinlan Park Rd', 'Ste 290', 'Austin, TX 78732']}",Cups & Cones,+15122662444,$,4.0,45,[],https://www.yelp.com/biz/cups-and-cones-austin?adjust_creative=aRVAoRVyM2B_4sfVQIy4Yw&utm_campaign=yelp_api_v3&utm_medium=api_v3_business_search&utm_source=aRVAoRVyM2B_4sfVQIy4Yw
caffé-medici-austin-5,"[{'alias': 'coffee', 'title': 'Coffee & Tea'}]","{'latitude': 30.2557502471859, 'longitude': -97.7627777092766}",(512) 445-7212,5515.1154721431985,1g44kG9bk92MaO17QIWIig,https://s3-media1.fl.yelpcdn.com/bphoto/Jro0Xm7OP8ZvDaYrbORkTA/o.jpg,False,"{'address1': '1100 S Lamar Blvd', 'address2': '', 'address3': '', 'city': 'Austin', 'zip_code': '78704', 'country': 'US', 'state': 'TX', 'display_address': ['1100 S Lamar Blvd', 'Austin, TX 78704']}",Caffé Medici,+15124457212,$,4.0,87,[],https://www.yelp.com/biz/caff%C3%A9-medici-austin-5?adjust_creative=aRVAoRVyM2B_4sfVQIy4Yw&utm_campaign=yelp_api_v3&utm_medium=api_v3_business_search&utm_source=aRVAoRVyM2B_4sfVQIy4Yw
tous-les-jours-austin,"[{'alias': 'bakeries', 'title': 'Bakeries'}, {'alias': 'coffee', 'title': 'Coffee & Tea'}, {'alias': 'desserts', 'title': 'Desserts'}]","{'latitude': 30.3360919952393, 'longitude': -97.7201538085938}",(512) 373-8080,4983.4903681468495,MFr9Wsasx6l1ENKJYMQSbw,https://s3-media4.fl.yelpcdn.com/bphoto/6nCNiCTpkEOa_qwdTzxFCA/o.jpg,False,"{'address1': '6808 N Larmar Blvd', 'address2': 'Ste B-115', 'address3': '', 'city': 'Austin', 'zip_code': '78752', 'country': 'US', 'state': 'TX', 'display_address': ['6808 N Larmar Blvd', 'Ste B-115', 'Austin, TX 78752']}",Tous Les Jours,+15123738080,$,4.0,308,[],https://www.yelp.com/biz/tous-les-jours-austin?adjust_creative=aRVAoRVyM2B_4sfVQIy4Yw&utm_campaign=yelp_api_v3&utm_medium=api_v3_business_search&utm_source=aRVAoRVyM2B_4sfVQIy4Yw
manolis-ice-cream-pastries-and-cakes-austin,"[{'alias': 'desserts', 'title': 'Desserts'}, {'alias': 'icecream', 'title': 'Ice Cream & Frozen Yogurt'}, {'alias': 'foodtrucks', 'title': 'Food Trucks'}]","{'latitude': 30.244198, 'longitude': -97.758048}",(512) 387-5045,6778.320716740882,hYWsMDz0ms7TOnFTcsxYcw,https://s3-media2.fl.yelpcdn.com/bphoto/aAmOnvITNNjs04XnKFvSGw/o.jpg,False,"{'address1': '603 W Live Oak St', 'address2': None, 'address3': '', 'city': 'Austin', 'zip_code': '78704', 'country': 'US', 'state': 'TX', 'display_address': ['603 W Live Oak St', 'Austin, TX 78704']}","Manolis Ice Cream, Pastries, & Cakes",+15123875045,$,5.0,215,['pickup'],https://www.yelp.com/biz/manolis-ice-cream-pastries-and-cakes-austin?adjust_creative=aRVAoRVyM2B_4sfVQIy4Yw&utm_campaign=yelp_api_v3&utm_medium=api_v3_business_search&utm_source=aRVAoRVyM2B_4sfVQIy4Yw
yogurtland-austin,"[{'alias': 'icecream', 'title': 'Ice Cream & Frozen Yogurt'}]","{'latitude': 30.356771946275, 'longitude': -97.735315912896}",(512) 452-7300,6128.985439240611,mGVVbBW0e6NVyNxHRstz_w,https://s3-media2.fl.yelpcdn.com/bphoto/l1g5D0y3ljNSWTlVrL9t-g/o.jpg,False,"{'address1': '2525 W Anderson Ln', 'address2': 'Bldg 1, Ste 125', 'address3': '', 'city': 'Austin', 'zip_code': '78757', 'country': 'US', 'state': 'TX', 'display_address': ['2525 W Anderson Ln', 'Bldg 1, Ste 125', 'Austin, TX 78757']}",Yogurtland,+15124527300,$,4.5,161,[],https://www.yelp.com/biz/yogurtland-austin?adjust_creative=aRVAoRVyM2B_4sfVQIy4Yw&utm_campaign=yelp_api_v3&utm_medium=api_v3_business_search&utm_source=aRVAoRVyM2B_4sfVQIy4Yw
snomo-austin,"[{'alias': 'shavedice', 'title': 'Shaved Ice'}, {'alias': 'icecream', 'title': 'Ice Cream & Frozen Yogurt'}, {'alias': 'juicebars', 'title': 'Juice Bars & Smoothies'}]","{'latitude': 30.3823114202971, 'longitude': -97.6880223761269}",(512) 551-3238,10878.353527006811,xyVO973jt1bRk_3IpnYzzA,https://s3-media2.fl.yelpcdn.com/bphoto/UcvH-YYGnqSmVcmiW7jCBQ/o.jpg,False,"{'address1': '11220 N Lamar Blvd', 'address2': 'Ste B275', 'address3': '', 'city': 'Austin', 'zip_code': '78753', 'country': 'US', 'state': 'TX', 'display_address': ['11220 N Lamar Blvd', 'Ste B275', 'Austin, TX 78753']}",SnoMo,+15125513238,$,4.5,458,"['delivery', 'pickup']",https://www.yelp.com/biz/snomo-austin?adjust_creative=aRVAoRVyM2B_4sfVQIy4Yw&utm_campaign=yelp_api_v3&utm_medium=api_v3_business_search&utm_source=aRVAoRVyM2B_4sfVQIy4Yw
lick-honest-ice-creams-austin-2,"[{'alias': 'icecream', 'title': 'Ice Cream & Frozen Yogurt'}]","{'latitude': 30.3411422856792, 'longitude': -97.7383256978199}",(512) 609-8029,4413.296998930306,MxzEl6SPSxTVzor_UXVAhA,https://s3-media3.fl.yelpcdn.com/bphoto/tVXvHg0QF0SD3rNfqDqanA/o.jpg,False,"{'address1': '6555 Burnet Rd', 'address2': '', 'address3': '', 'city': 'Austin', 'zip_code': '78757', 'country': 'US', 'state': 'TX', 'display_address': ['6555 Burnet Rd', 'Austin, TX 78757']}",Lick Honest Ice Creams,+15126098029,$,4.5,271,[],https://www.yelp.com/biz/lick-honest-ice-creams-austin-2?adjust_creative=aRVAoRVyM2B_4sfVQIy4Yw&utm_campaign=yelp_api_v3&utm_medium=api_v3_business_search&utm_source=aRVAoRVyM2B_4sfVQIy4Yw
corona-coffee-austin-2,"[{'alias': 'coffee', 'title': 'Coffee & Tea'}, {'alias': 'cafes', 'title': 'Cafes'}]","{'latitude': 30.31236, 'longitude': -97.70467}",(512) 524-0014,5145.672638002574,YO2ZNZM1pccR0x_JVgYp3Q,https://s3-media1.fl.yelpcdn.com/bphoto/zvFQR5g9JAxB5os-VBzusw/o.jpg,False,"{'address1': '1215 Corona Dr', 'address2': '', 'address3': '', 'city': 'Austin', 'zip_code': '78723', 'country': 'US', 'state': 'TX', 'display_address': ['1215 Corona Dr', 'Austin, TX 78723']}",Corona Coffee,+15125240014,$,4.5,219,[],https://www.yelp.com/biz/corona-coffee-austin-2?adjust_creative=aRVAoRVyM2B_4sfVQIy4Yw&utm_campaign=yelp_api_v3&utm_medium=api_v3_business_search&utm_source=aRVAoRVyM2B_4sfVQIy4Yw
steel-city-pops-austin-2,"[{'alias': 'desserts', 'title': 'Desserts'}, {'alias': 'icecream', 'title': 'Ice Cream & Frozen Yogurt'}]","{'latitude': 30.2966641495777, 'longitude': -97.7417726830768}",(512) 599-8522,1798.8725178709462,uOVu13ZYr6zy3zVKesvyzw,https://s3-media4.fl.yelpcdn.com/bphoto/VS9phxK4urfl3ImIsJPZ_A/o.jpg,False,"{'address1': '3001 Guadalupe St', 'address2': '', 'address3': None, 'city': 'Austin', 'zip_code': '78705', 'country': 'US', 'state': 'TX', 'display_address': ['3001 Guadalupe St', 'Austin, TX 78705']}",Steel City Pops,+15125998522,$,4.5,85,[],https://www.yelp.com/biz/steel-city-pops-austin-2?adjust_creative=aRVAoRVyM2B_4sfVQIy4Yw&utm_campaign=yelp_api_v3&utm_medium=api_v3_business_search&utm_source=aRVAoRVyM2B_4sfVQIy4Yw
summermoon-coffee-bar-austin-15,"[{'alias': 'coffeeroasteries', 'title': 'Coffee Roasteries'}]","{'latitude': 30.23323, 'longitude': -97.76485}",(512) 804-1665,8026.191814901962,W-vmx7fKenv6GX-lVhCXbg,https://s3-media1.fl.yelpcdn.com/bphoto/WITwyWCpJMBT91BTqdbq-g/o.jpg,False,"{'address1': '3115 S 1st St', 'address2': 'Ste 1B', 'address3': '', 'city': 'Austin', 'zip_code': '78704', 'country': 'US', 'state': 'TX', 'display_address': ['3115 S 1st St', 'Ste 1B', 'Austin, TX 78704']}",Summermoon Coffee Bar,+15128041665,$,4.0,858,[],https://www.yelp.com/biz/summermoon-coffee-bar-austin-15?adjust_creative=aRVAoRVyM2B_4sfVQIy4Yw&utm_campaign=yelp_api_v3&utm_medium=api_v3_business_search&utm_source=aRVAoRVyM2B_4sfVQIy4Yw
houndstooth-coffee-austin,"[{'alias': 'coffee', 'title': 'Coffee & Tea'}]","{'latitude': 30.3105879441575, 'longitude': -97.7400099372758}",(512) 531-9417,1804.298990180798,-4bP1UUgpZumIu6DZMaMzw,https://s3-media3.fl.yelpcdn.com/bphoto/QvQFoHDsHPtvAjEXFcRysw/o.jpg,False,"{'address1': '4200 N Lamar Blvd', 'address2': 'Ste 120', 'address3': '', 'city': 'Austin', 'zip_code': '78756', 'country': 'US', 'state': 'TX', 'display_address': ['4200 N Lamar Blvd', 'Ste 120', 'Austin, TX 78756']}",Houndstooth Coffee,+15125319417,$$,4.0,514,[],https://www.yelp.com/biz/houndstooth-coffee-austin?adjust_creative=aRVAoRVyM2B_4sfVQIy4Yw&utm_campaign=yelp_api_v3&utm_medium=api_v3_business_search&utm_source=aRVAoRVyM2B_4sfVQIy4Yw
mozarts-coffee-roasters-austin,"[{'alias': 'coffee', 'title': 'Coffee & Tea'}]","{'latitude': 30.2955449740542, 'longitude': -97.7841031551361}",(512) 477-2900,2749.0635658002484,-4ofMtrD7pSpZIX5pnDkig,https://s3-media1.fl.yelpcdn.com/bphoto/orFA3hWzb5Vtydwiok8h8g/o.jpg,False,"{'address1': '3826 Lake Austin Blvd', 'address2': '', 'address3': '', 'city': 'Austin', 'zip_code': '78703', 'country': 'US', 'state': 'TX', 'display_address': ['3826 Lake Austin Blvd', 'Austin, TX 78703']}",Mozart's Coffee Roasters,+15124772900,$$,4.0,1242,[],https://www.yelp.com/biz/mozarts-coffee-roasters-austin?adjust_creative=aRVAoRVyM2B_4sfVQIy4Yw&utm_campaign=yelp_api_v3&utm_medium=api_v3_business_search&utm_source=aRVAoRVyM2B_4sfVQIy4Yw
gelateria-gemelli-austin,"[{'alias': 'gelato', 'title': 'Gelato'}, {'alias': 'icecream', 'title': 'Ice Cream & Frozen Yogurt'}]","{'latitude': 30.2647018432617, 'longitude': -97.7321319580078}",(512) 535-2170,5116.540690441629,eWZ8jj01Etcjd8Z9LtNbRw,https://s3-media2.fl.yelpcdn.com/bphoto/7zhL-Nl7Dh8rWW2cTtGigA/o.jpg,False,"{'address1': '1009 E 6th St', 'address2': None, 'address3': '', 'city': 'Austin', 'zip_code': '78702', 'country': 'US', 'state': 'TX', 'display_address': ['1009 E 6th St', 'Austin, TX 78702']}",Gelateria Gemelli,+15125352170,$,4.5,269,[],https://www.yelp.com/biz/gelateria-gemelli-austin?adjust_creative=aRVAoRVyM2B_4sfVQIy4Yw&utm_campaign=yelp_api_v3&utm_medium=api_v3_business_search&utm_source=aRVAoRVyM2B_4sfVQIy4Yw
sweet-ritual-austin,"[{'alias': 'vegan', 'title': 'Vegan'}, {'alias': 'icecream', 'title': 'Ice Cream & Frozen Yogurt'}]","{'latitude': 30.30608, 'longitude': -97.71523}",(512) 666-8346,4096.235786081973,YVdTl-VERcOig4MP1264Rw,https://s3-media2.fl.yelpcdn.com/bphoto/rF3esb9ZPyKUJpIIJpYBcA/o.jpg,False,"{'address1': '4631 Airport Blvd', 'address2': 'Ste 125', 'address3': '', 'city': 'Austin', 'zip_code': '78751', 'country': 'US', 'state': 'TX', 'display_address': ['4631 Airport Blvd', 'Ste 125', 'Austin, TX 78751']}",Sweet Ritual,+15126668346,$,4.5,567,[],https://www.yelp.com/biz/sweet-ritual-austin?adjust_creative=aRVAoRVyM2B_4sfVQIy4Yw&utm_campaign=yelp_api_v3&utm_medium=api_v3_business_search&utm_source=aRVAoRVyM2B_4sfVQIy4Yw
summermoon-coffee-bar-austin-16,"[{'alias': 'coffee', 'title': 'Coffee & Tea'}, {'alias': 'coffeeroasteries', 'title': 'Coffee Roasteries'}]","{'latitude': 30.39442, 'longitude': -97.72019}",(737) 300-1265,10554.827153884866,wP5mU6WLU5y6NVLm1NpPBA,https://s3-media1.fl.yelpcdn.com/bphoto/iHPiNYc-e3oO5va6rjuGUQ/o.jpg,False,"{'address1': '11005 Burnet Rd', 'address2': 'Ste 112', 'address3': '', 'city': 'Austin', 'zip_code': '78758', 'country': 'US', 'state': 'TX', 'display_address': ['11005 Burnet Rd', 'Ste 112', 'Austin, TX 78758']}",Summermoon Coffee Bar,+17373001265,$,4.5,460,[],https://www.yelp.com/biz/summermoon-coffee-bar-austin-16?adjust_creative=aRVAoRVyM2B_4sfVQIy4Yw&utm_campaign=yelp_api_v3&utm_medium=api_v3_business_search&utm_source=aRVAoRVyM2B_4sfVQIy4Yw
illuminate-coffee-bar-austin,"[{'alias': 'coffee', 'title': 'Coffee & Tea'}, {'alias': 'kombucha', 'title': 'Kombucha'}, {'alias': 'internetcafe', 'title': 'Internet Cafes'}]","{'latitude': 30.4611625671387, 'longitude': -97.8170166015625}",(512) 826-0396,18272.06141240209,lnggPZaXKFFvLPD-q2c7Mg,https://s3-media3.fl.yelpcdn.com/bphoto/gtyOCAOLEomRVrZKSy9HVg/o.jpg,False,"{'address1': '12129 Fm 620 N', 'address2': 'Ste 102', 'address3': '', 'city': 'Austin', 'zip_code': '78750', 'country': 'US', 'state': 'TX', 'display_address': ['12129 Fm 620 N', 'Ste 102', 'Austin, TX 78750']}",Illuminate Coffee Bar,+15128260396,$,4.5,151,[],https://www.yelp.com/biz/illuminate-coffee-bar-austin?adjust_creative=aRVAoRVyM2B_4sfVQIy4Yw&utm_campaign=yelp_api_v3&utm_medium=api_v3_business_search&utm_source=aRVAoRVyM2B_4sfVQIy4Yw
bennu-coffee-austin-2,"[{'alias': 'coffee', 'title': 'Coffee & Tea'}, {'alias': 'breakfast_brunch', 'title': 'Breakfast & Brunch'}]","{'latitude': 30.25609, 'longitude': -97.747}",(512) 448-3919,5581.283525038624,dyMSJkhVYbx0rIXq-0bhag,https://s3-media3.fl.yelpcdn.com/bphoto/7L7rxrDnu56ezPfcJNYPJA/o.jpg,False,"{'address1': '515 S Congress Ave', 'address2': '', 'address3': None, 'city': 'Austin', 'zip_code': '78704', 'country': 'US', 'state': 'TX', 'display_address': ['515 S Congress Ave', 'Austin, TX 78704']}",Bennu Coffee,+15124483919,$,4.5,110,[],https://www.yelp.com/biz/bennu-coffee-austin-2?adjust_creative=aRVAoRVyM2B_4sfVQIy4Yw&utm_campaign=yelp_api_v3&utm_medium=api_v3_business_search&utm_source=aRVAoRVyM2B_4sfVQIy4Yw
spun-ice-cream-austin-4,"[{'alias': 'icecream', 'title': 'Ice Cream & Frozen Yogurt'}, {'alias': 'desserts', 'title': 'Desserts'}]","{'latitude': 30.26266, 'longitude': -97.72113}",(512) 524-1768,5908.57927006093,2umRVmFsc7ZEB6KhZ1Ja_g,https://s3-media4.fl.yelpcdn.com/bphoto/18t9yrxzGVuRkTsI3gBHgQ/o.jpg,False,"{'address1': '1912 E 7th St', 'address2': 'Ste D', 'address3': '', 'city': 'Austin', 'zip_code': '78702', 'country': 'US', 'state': 'TX', 'display_address': ['1912 E 7th St', 'Ste D', 'Austin, TX 78702']}",Spun Ice Cream,+15125241768,$$,4.0,303,[],https://www.yelp.com/biz/spun-ice-cream-austin-4?adjust_creative=aRVAoRVyM2B_4sfVQIy4Yw&utm_campaign=yelp_api_v3&utm_medium=api_v3_business_search&utm_source=aRVAoRVyM2B_4sfVQIy4Yw
amys-ice-creams-austin-11,"[{'alias': 'icecream', 'title': 'Ice Cream & Frozen Yogurt'}]","{'latitude': 30.1611998058648, 'longitude': -97.7916938260958}",(512) 282-2697,16336.562469038921,jV7KL4sDxZzeko7z8xbnIQ,https://s3-media3.fl.yelpcdn.com/bphoto/OGHTq2UkVDeLdnMthOAIBA/o.jpg,False,"{'address1': '9600 S I-35', 'address2': 'Bldg C, Ste 400', 'address3': '', 'city': 'Austin', 'zip_code': '78748', 'country': 'US', 'state': 'TX', 'display_address': ['9600 S I-35', 'Bldg C, Ste 400', 'Austin, TX 78748']}",Amy's Ice Creams,+15122822697,$,4.0,75,[],https://www.yelp.com/biz/amys-ice-creams-austin-11?adjust_creative=aRVAoRVyM2B_4sfVQIy4Yw&utm_campaign=yelp_api_v3&utm_medium=api_v3_business_search&utm_source=aRVAoRVyM2B_4sfVQIy4Yw
popbar-austin,"[{'alias': 'icecream', 'title': 'Ice Cream & Frozen Yogurt'}, {'alias': 'gelato', 'title': 'Gelato'}, {'alias': 'desserts', 'title': 'Desserts'}]","{'latitude': 30.26573, 'longitude': -97.74601}",(512) 645-0030,4532.826269470161,EkEaX9PC0GfevL1IQtJj5g,https://s3-media4.fl.yelpcdn.com/bphoto/_HCuOi1X7O3CA2wqCTCWTQ/o.jpg,False,"{'address1': '247 W 3rd St', 'address2': '', 'address3': None, 'city': 'Austin', 'zip_code': '78701', 'country': 'US', 'state': 'TX', 'display_address': ['247 W 3rd St', 'Austin, TX 78701']}",Popbar,+15126450030,$$,4.5,53,"['delivery', 'pickup']",https://www.yelp.com/biz/popbar-austin?adjust_creative=aRVAoRVyM2B_4sfVQIy4Yw&utm_campaign=yelp_api_v3&utm_medium=api_v3_business_search&utm_source=aRVAoRVyM2B_4sfVQIy4Yw
lick-honest-ice-creams-austin-3,"[{'alias': 'icecream', 'title': 'Ice Cream & Frozen Yogurt'}]","{'latitude': 30.2556546727507, 'longitude': -97.7627457002276}",(512) 363-5622,5525.432433545138,MFVr6pMQxFsUwdEfUueaCQ,https://s3-media2.fl.yelpcdn.com/bphoto/mQmbr1tFafGumIdjAnuuIw/o.jpg,False,"{'address1': '1100 S Lamar Blvd', 'address2': 'Ste 1135', 'address3': '', 'city': 'Austin', 'zip_code': '78704', 'country': 'US', 'state': 'TX', 'display_address': ['1100 S Lamar Blvd', 'Ste 1135', 'Austin, TX 78704']}",Lick Honest Ice Creams,+15123635622,$,4.5,1211,[],https://www.yelp.com/biz/lick-honest-ice-creams-austin-3?adjust_creative=aRVAoRVyM2B_4sfVQIy4Yw&utm_campaign=yelp_api_v3&utm_medium=api_v3_business_search&utm_source=aRVAoRVyM2B_4sfVQIy4Yw
thunderbird-coffee-austin-2,"[{'alias': 'coffee', 'title': 'Coffee & Tea'}, {'alias': 'cafes', 'title': 'Cafes'}]","{'latitude': 30.2844181060791, 'longitude': -97.7193756103516}",(512) 472-9900,4341.561860845164,g3xgpfY6TtxL96xJTVmzOw,https://s3-media1.fl.yelpcdn.com/bphoto/JNQkixlqBBQ8Kv7Sj04yHg/o.jpg,False,"{'address1': '2200 Manor Rd', 'address2': None, 'address3': '', 'city': 'Austin', 'zip_code': '78722', 'country': 'US', 'state': 'TX', 'display_address': ['2200 Manor Rd', 'Austin, TX 78722']}",Thunderbird Coffee,+15124729900,$,4.0,402,[],https://www.yelp.com/biz/thunderbird-coffee-austin-2?adjust_creative=aRVAoRVyM2B_4sfVQIy4Yw&utm_campaign=yelp_api_v3&utm_medium=api_v3_business_search&utm_source=aRVAoRVyM2B_4sfVQIy4Yw
the-buzz-mill-austin-5,"[{'alias': 'coffee', 'title': 'Coffee & Tea'}, {'alias': 'cheesesteaks', 'title': 'Cheesesteaks'}, {'alias': 'breakfast_brunch', 'title': 'Breakfast & Brunch'}]","{'latitude': 30.241682, 'longitude': -97.726864}",(512) 912-9221,7654.820401523608,5XENCwJ9Xgw8BsfuWqOsSw,https://s3-media3.fl.yelpcdn.com/bphoto/W6aCgANz107ivubxaS6Mxw/o.jpg,False,"{'address1': '1505 Town Creek Dr', 'address2': '', 'address3': '', 'city': 'Austin', 'zip_code': '78741', 'country': 'US', 'state': 'TX', 'display_address': ['1505 Town Creek Dr', 'Austin, TX 78741']}",The Buzz Mill,+15129129221,$,4.0,429,[],https://www.yelp.com/biz/the-buzz-mill-austin-5?adjust_creative=aRVAoRVyM2B_4sfVQIy4Yw&utm_campaign=yelp_api_v3&utm_medium=api_v3_business_search&utm_source=aRVAoRVyM2B_4sfVQIy4Yw
creamistry-lakeway,"[{'alias': 'icecream', 'title': 'Ice Cream & Frozen Yogurt'}, {'alias': 'desserts', 'title': 'Desserts'}]","{'latitude': 30.348148, 'longitude': -97.965917}",(512) 750-7265,20546.30786740672,30jmc962CArKkl-8uJWdjA,https://s3-media1.fl.yelpcdn.com/bphoto/vaHqSfYgGYoClZXa1PoWlw/o.jpg,False,"{'address1': '1510 Ranch Rd 620 S', 'address2': 'Ste 400', 'address3': '', 'city': 'Lakeway', 'zip_code': '78734', 'country': 'US', 'state': 'TX', 'display_address': ['1510 Ranch Rd 620 S', 'Ste 400', 'Lakeway, TX 78734']}",Creamistry,+15127507265,$$,3.5,72,['pickup'],https://www.yelp.com/biz/creamistry-lakeway?adjust_creative=aRVAoRVyM2B_4sfVQIy4Yw&utm_campaign=yelp_api_v3&utm_medium=api_v3_business_search&utm_source=aRVAoRVyM2B_4sfVQIy4Yw
yogurt-planet-austin,"[{'alias': 'icecream', 'title': 'Ice Cream & Frozen Yogurt'}]","{'latitude': 30.3150117670216, 'longitude': -97.7354710860443}",(512) 452-7888,2400.6096948448685,56wiR9t843vpjhJHZENi5Q,https://s3-media3.fl.yelpcdn.com/bphoto/c4t6XFb_8PiWVP6pLOXSdA/o.jpg,False,"{'address1': '4601 N Lamar Blvd', 'address2': 'Ste 502', 'address3': '', 'city': 'Austin', 'zip_code': '78751', 'country': 'US', 'state': 'TX', 'display_address': ['4601 N Lamar Blvd', 'Ste 502', 'Austin, TX 78751']}",Yogurt Planet,+15124527888,$,4.0,192,[],https://www.yelp.com/biz/yogurt-planet-austin?adjust_creative=aRVAoRVyM2B_4sfVQIy4Yw&utm_campaign=yelp_api_v3&utm_medium=api_v3_business_search&utm_source=aRVAoRVyM2B_4sfVQIy4Yw
bonbons-rolled-ice-cream-pflugerville,"[{'alias': 'icecream', 'title': 'Ice Cream & Frozen Yogurt'}]","{'latitude': 30.4692, 'longitude': -97.5962}",(737) 217-0407,23942.883982558094,WMLqd2uiGXdYieH6ptiPqw,https://s3-media2.fl.yelpcdn.com/bphoto/Ng_9L_TcyZB0nVOZu3VU4w/o.jpg,False,"{'address1': '18816 Limestone Commercial Dr', 'address2': 'Ste 100', 'address3': None, 'city': 'Pflugerville', 'zip_code': '78660', 'country': 'US', 'state': 'TX', 'display_address': ['18816 Limestone Commercial Dr', 'Ste 100', 'Pflugerville, TX 78660']}",Bonbons Rolled Ice Cream,+17372170407,$,4.0,28,[],https://www.yelp.com/biz/bonbons-rolled-ice-cream-pflugerville?adjust_creative=aRVAoRVyM2B_4sfVQIy4Yw&utm_campaign=yelp_api_v3&utm_medium=api_v3_business_search&utm_source=aRVAoRVyM2B_4sfVQIy4Yw
yummi-joy-austin,"[{'alias': 'candy', 'title': 'Candy Stores'}, {'alias': 'icecream', 'title': 'Ice Cream & Frozen Yogurt'}, {'alias': 'coffee', 'title': 'Coffee & Tea'}]","{'latitude': 30.2654030847857, 'longitude': -97.7485015243292}",(512) 296-2195,4508.123322510895,Vu_fEV-GjXGURW9zSRBiZg,https://s3-media1.fl.yelpcdn.com/bphoto/0bhEHqaZ1wGs-3alnd4JaQ/o.jpg,False,"{'address1': '409 W 2nd St', 'address2': '', 'address3': None, 'city': 'Austin', 'zip_code': '78701', 'country': 'US', 'state': 'TX', 'display_address': ['409 W 2nd St', 'Austin, TX 78701']}",Yummi Joy,+15122962195,$,4.5,24,[],https://www.yelp.com/biz/yummi-joy-austin?adjust_creative=aRVAoRVyM2B_4sfVQIy4Yw&utm_campaign=yelp_api_v3&utm_medium=api_v3_business_search&utm_source=aRVAoRVyM2B_4sfVQIy4Yw
amys-ice-cream-austin-10,"[{'alias': 'icecream', 'title': 'Ice Cream & Frozen Yogurt'}]","{'latitude': 30.2431041136615, 'longitude': -97.7823336429929}",(512) 447-2697,7293.478435397779,RF9VqhHzOc0gFBztRJhtPQ,https://s3-media1.fl.yelpcdn.com/bphoto/lSSKXt01rCFGTxsnhfELuA/o.jpg,False,"{'address1': '2901 S Lamar Blvd', 'address2': '', 'address3': '', 'city': 'Austin', 'zip_code': '78704', 'country': 'US', 'state': 'TX', 'display_address': ['2901 S Lamar Blvd', 'Austin, TX 78704']}",Amy's Ice Cream,+15124472697,$,4.0,66,[],https://www.yelp.com/biz/amys-ice-cream-austin-10?adjust_creative=aRVAoRVyM2B_4sfVQIy4Yw&utm_campaign=yelp_api_v3&utm_medium=api_v3_business_search&utm_source=aRVAoRVyM2B_4sfVQIy4Yw
lucky-lab-coffee-austin-2,"[{'alias': 'foodtrucks', 'title': 'Food Trucks'}, {'alias': 'desserts', 'title': 'Desserts'}, {'alias': 'coffee', 'title': 'Coffee & Tea'}]","{'latitude': 30.2885573389099, 'longitude': -97.7421442050357}",(512) 420-6950,2375.5391747102112,VntALdl7oo_97ppGMkGslQ,https://s3-media4.fl.yelpcdn.com/bphoto/88si-_RNG1b5MG4p-0nuLw/o.jpg,False,"{'address1': '2421 San Antonio St', 'address2': None, 'address3': '', 'city': 'Austin', 'zip_code': '78705', 'country': 'US', 'state': 'TX', 'display_address': ['2421 San Antonio St', 'Austin, TX 78705']}",Lucky Lab Coffee,+15124206950,$,4.5,130,[],https://www.yelp.com/biz/lucky-lab-coffee-austin-2?adjust_creative=aRVAoRVyM2B_4sfVQIy4Yw&utm_campaign=yelp_api_v3&utm_medium=api_v3_business_search&utm_source=aRVAoRVyM2B_4sfVQIy4Yw
amys-ice-creams-austin-21,"[{'alias': 'icecream', 'title': 'Ice Cream & Frozen Yogurt'}]","{'latitude': 30.2020141931254, 'longitude': -97.6676712136307}",(512) 530-2918,14364.737424634439,0-h0eCEFFabn6HJL52oYyQ,https://s3-media1.fl.yelpcdn.com/bphoto/c_sdGbI4QAIdS15ZODDMBA/o.jpg,False,"{'address1': '3600 Presidential Blvd', 'address2': 'Ste 20', 'address3': '', 'city': 'Austin', 'zip_code': '78719', 'country': 'US', 'state': 'TX', 'display_address': ['3600 Presidential Blvd', 'Ste 20', 'Austin, TX 78719']}",Amy's Ice Creams,+15125302918,$,4.0,136,[],https://www.yelp.com/biz/amys-ice-creams-austin-21?adjust_creative=aRVAoRVyM2B_4sfVQIy4Yw&utm_campaign=yelp_api_v3&utm_medium=api_v3_business_search&utm_source=aRVAoRVyM2B_4sfVQIy4Yw
milky-way-shakes-austin,"[{'alias': 'vegan', 'title': 'Vegan'}, {'alias': 'icecream', 'title': 'Ice Cream & Frozen Yogurt'}, {'alias': 'foodtrucks', 'title': 'Food Trucks'}]","{'latitude': 30.29551, 'longitude': -97.74174}",,1872.2350653376498,yjcMEN_yvpad7bCLit6DJA,https://s3-media1.fl.yelpcdn.com/bphoto/SzNLbzvEYZQdBeazVxegRg/o.jpg,False,"{'address1': '2908 Fruth St', 'address2': None, 'address3': '', 'city': 'Austin', 'zip_code': '78705', 'country': 'US', 'state': 'TX', 'display_address': ['2908 Fruth St', 'Austin, TX 78705']}",Milky Way Shakes,,$,4.5,39,[],https://www.yelp.com/biz/milky-way-shakes-austin?adjust_creative=aRVAoRVyM2B_4sfVQIy4Yw&utm_campaign=yelp_api_v3&utm_medium=api_v3_business_search&utm_source=aRVAoRVyM2B_4sfVQIy4Yw
