alias,categories,coordinates,display_phone,distance,id,image_url,is_closed,location,name,phone,price,rating,review_count,transactions,url
oddfellows-ice-cream-new-york-3,"[{'alias': 'icecream', 'title': 'Ice Cream & Frozen Yogurt'}, {'alias': 'coffee', 'title': 'Coffee & Tea'}]","{'latitude': 40.72458, 'longitude': -73.99445}",(646) 756-4377,2124.7772656265674,2qGA2wu_MYpjUKxzpmQbBg,https://s3-media3.fl.yelpcdn.com/bphoto/GGPx8FDDci3sgqeiUineeg/o.jpg,False,"{'address1': '55 E Houston St', 'address2': None, 'address3': '', 'city': 'New York', 'zip_code': '10012', 'country': 'US', 'state': 'NY', 'display_address': ['55 E Houston St', 'New York, NY 10012']}",OddFellows Ice Cream,+16467564377,$$,4.5,64,[],https://www.yelp.com/biz/oddfellows-ice-cream-new-york-3?adjust_creative=aRVAoRVyM2B_4sfVQIy4Yw&utm_campaign=yelp_api_v3&utm_medium=api_v3_business_search&utm_source=aRVAoRVyM2B_4sfVQIy4Yw
coffee-project-ny-new-york,"[{'alias': 'coffee', 'title': 'Coffee & Tea'}]","{'latitude': 40.72699, 'longitude': -73.98922}",(212) 228-7888,2435.8434261216967,pimuUR-TEHIjUla3S3jemQ,https://s3-media2.fl.yelpcdn.com/bphoto/2Wtg4i2JV0N0ZZnl33S3Cg/o.jpg,False,"{'address1': '239 E 5th St', 'address2': None, 'address3': '', 'city': 'New York', 'zip_code': '10003', 'country': 'US', 'state': 'NY', 'display_address': ['239 E 5th St', 'New York, NY 10003']}",Coffee Project NY,+12122287888,$$,4.5,632,[],https://www.yelp.com/biz/coffee-project-ny-new-york?adjust_creative=aRVAoRVyM2B_4sfVQIy4Yw&utm_campaign=yelp_api_v3&utm_medium=api_v3_business_search&utm_source=aRVAoRVyM2B_4sfVQIy4Yw
van-leeuwen-artisan-ice-cream-new-york-3,"[{'alias': 'desserts', 'title': 'Desserts'}, {'alias': 'coffee', 'title': 'Coffee & Tea'}, {'alias': 'icecream', 'title': 'Ice Cream & Frozen Yogurt'}]","{'latitude': 40.7277, 'longitude': -73.98768}",(646) 476-3865,2535.631422945701,NyFXsvNhwCwkqVfmCU5LJw,https://s3-media2.fl.yelpcdn.com/bphoto/AMFcZ9in0b9kC5pQI_7jDA/o.jpg,False,"{'address1': '48 1/2 E 7th St', 'address2': '', 'address3': '', 'city': 'New York', 'zip_code': '10003', 'country': 'US', 'state': 'NY', 'display_address': ['48 1/2 E 7th St', 'New York, NY 10003']}",Van Leeuwen Artisan Ice Cream,+16464763865,$$,4.0,878,[],https://www.yelp.com/biz/van-leeuwen-artisan-ice-cream-new-york-3?adjust_creative=aRVAoRVyM2B_4sfVQIy4Yw&utm_campaign=yelp_api_v3&utm_medium=api_v3_business_search&utm_source=aRVAoRVyM2B_4sfVQIy4Yw
morgensterns-finest-ice-cream-new-york-2,"[{'alias': 'icecream', 'title': 'Ice Cream & Frozen Yogurt'}]","{'latitude': 40.7215872315503, 'longitude': -73.9931092527003}",(212) 209-7684,1797.719010437187,1lNt64-Qu4tTwr3JdF-7Iw,https://s3-media2.fl.yelpcdn.com/bphoto/P36DNawhFR9m3LUswV3yiw/o.jpg,False,"{'address1': '2 Rivington St', 'address2': '', 'address3': '', 'city': 'New York', 'zip_code': '10002', 'country': 'US', 'state': 'NY', 'display_address': ['2 Rivington St', 'New York, NY 10002']}",Morgenstern's Finest Ice Cream,+12122097684,$$,4.0,1391,[],https://www.yelp.com/biz/morgensterns-finest-ice-cream-new-york-2?adjust_creative=aRVAoRVyM2B_4sfVQIy4Yw&utm_campaign=yelp_api_v3&utm_medium=api_v3_business_search&utm_source=aRVAoRVyM2B_4sfVQIy4Yw
grace-street-new-york,"[{'alias': 'coffee', 'title': 'Coffee & Tea'}, {'alias': 'desserts', 'title': 'Desserts'}, {'alias': 'shavedice', 'title': 'Shaved Ice'}]","{'latitude': 40.7478576793883, 'longitude': -73.9865590631962}",(917) 745-2125,4760.904253854418,MKYhiSeXjahxh9O4Gqnimw,https://s3-media3.fl.yelpcdn.com/bphoto/AIuYONxI1IWK_iDjgknkBQ/o.jpg,False,"{'address1': '17 W 32nd St', 'address2': None, 'address3': '', 'city': 'New York', 'zip_code': '10001', 'country': 'US', 'state': 'NY', 'display_address': ['17 W 32nd St', 'New York, NY 10001']}",Grace Street,+19177452125,$$,4.0,2089,[],https://www.yelp.com/biz/grace-street-new-york?adjust_creative=aRVAoRVyM2B_4sfVQIy4Yw&utm_campaign=yelp_api_v3&utm_medium=api_v3_business_search&utm_source=aRVAoRVyM2B_4sfVQIy4Yw
van-leeuwen-artisan-ice-cream-new-york-4,"[{'alias': 'icecream', 'title': 'Ice Cream & Frozen Yogurt'}, {'alias': 'desserts', 'title': 'Desserts'}, {'alias': 'coffee', 'title': 'Coffee & Tea'}]","{'latitude': 40.7344208102318, 'longitude': -74.0012722836729}",(917) 475-1448,3275.218596440634,zda6zyX1g8vvzNiHDutzNg,https://s3-media4.fl.yelpcdn.com/bphoto/U-Y7HAyR0n0Tq8h_3scLFg/o.jpg,False,"{'address1': '152 W 10th St', 'address2': '', 'address3': '', 'city': 'New York', 'zip_code': '10014', 'country': 'US', 'state': 'NY', 'display_address': ['152 W 10th St', 'New York, NY 10014']}",Van Leeuwen Artisan Ice Cream,+19174751448,$$,4.5,435,[],https://www.yelp.com/biz/van-leeuwen-artisan-ice-cream-new-york-4?adjust_creative=aRVAoRVyM2B_4sfVQIy4Yw&utm_campaign=yelp_api_v3&utm_medium=api_v3_business_search&utm_source=aRVAoRVyM2B_4sfVQIy4Yw
oddfellows-ice-cream-co-dumbo-3,"[{'alias': 'icecream', 'title': 'Ice Cream & Frozen Yogurt'}]","{'latitude': 40.702953, 'longitude': -73.992076}",,319.26786832637686,b9Qd4jaxugk7Zo7LE_lLrg,https://s3-media3.fl.yelpcdn.com/bphoto/xXrdjpHWOgrrUD2Rk-fbYg/o.jpg,False,"{'address1': '60 Water St', 'address2': '', 'address3': None, 'city': 'Dumbo', 'zip_code': '11201', 'country': 'US', 'state': 'NY', 'display_address': ['60 Water St', 'Dumbo, NY 11201']}",OddFellows Ice Cream Co.,,,5.0,18,[],https://www.yelp.com/biz/oddfellows-ice-cream-co-dumbo-3?adjust_creative=aRVAoRVyM2B_4sfVQIy4Yw&utm_campaign=yelp_api_v3&utm_medium=api_v3_business_search&utm_source=aRVAoRVyM2B_4sfVQIy4Yw
van-leeuwen-artisan-ice-cream-new-york-10,"[{'alias': 'icecream', 'title': 'Ice Cream & Frozen Yogurt'}]","{'latitude': 40.72151, 'longitude': -73.98735}",(646) 869-2746,1880.8923983042496,wzzFzwbpDFY2-eZIAbU9Hw,https://s3-media3.fl.yelpcdn.com/bphoto/MsP8Euiqd_748JcL0Jj7Jw/o.jpg,False,"{'address1': '172 Ludlow St', 'address2': '', 'address3': None, 'city': 'New York', 'zip_code': '10002', 'country': 'US', 'state': 'NY', 'display_address': ['172 Ludlow St', 'New York, NY 10002']}",Van Leeuwen Artisan Ice Cream,+16468692746,$$,4.0,82,[],https://www.yelp.com/biz/van-leeuwen-artisan-ice-cream-new-york-10?adjust_creative=aRVAoRVyM2B_4sfVQIy4Yw&utm_campaign=yelp_api_v3&utm_medium=api_v3_business_search&utm_source=aRVAoRVyM2B_4sfVQIy4Yw
l-albero-dei-gelati-brooklyn-2,"[{'alias': 'gelato', 'title': 'Gelato'}, {'alias': 'bars', 'title': 'Bars'}, {'alias': 'italian', 'title': 'Italian'}]","{'latitude': 40.671932, 'longitude': -73.9836569}",(718) 788-2288,3832.8484006846074,Q-yTbpW4vrq80oRW40W_Pg,https://s3-media4.fl.yelpcdn.com/bphoto/hTkjd107dae8X4F6bZEFXQ/o.jpg,False,"{'address1': '341 5th Ave', 'address2': None, 'address3': '', 'city': 'Brooklyn', 'zip_code': '11215', 'country': 'US', 'state': 'NY', 'display_address': ['341 5th Ave', 'Brooklyn, NY 11215']}",L'albero Dei Gelati,+17187882288,$$,4.5,252,"['delivery', 'pickup']",https://www.yelp.com/biz/l-albero-dei-gelati-brooklyn-2?adjust_creative=aRVAoRVyM2B_4sfVQIy4Yw&utm_campaign=yelp_api_v3&utm_medium=api_v3_business_search&utm_source=aRVAoRVyM2B_4sfVQIy4Yw
brooklyn-farmacy-and-soda-fountain-brooklyn,"[{'alias': 'icecream', 'title': 'Ice Cream & Frozen Yogurt'}, {'alias': 'desserts', 'title': 'Desserts'}, {'alias': 'coffee', 'title': 'Coffee & Tea'}]","{'latitude': 40.68398, 'longitude': -73.99923}",(718) 522-6260,2425.0272478113475,vOJkqLM8Kv4GyQe16UUPjg,https://s3-media2.fl.yelpcdn.com/bphoto/sOEM6Lq3phplghjp0_OFLA/o.jpg,False,"{'address1': '513 Henry St', 'address2': '', 'address3': '', 'city': 'Brooklyn', 'zip_code': '11231', 'country': 'US', 'state': 'NY', 'display_address': ['513 Henry St', 'Brooklyn, NY 11231']}",Brooklyn Farmacy & Soda Fountain,+17185226260,$$,4.0,644,"['delivery', 'pickup']",https://www.yelp.com/biz/brooklyn-farmacy-and-soda-fountain-brooklyn?adjust_creative=aRVAoRVyM2B_4sfVQIy4Yw&utm_campaign=yelp_api_v3&utm_medium=api_v3_business_search&utm_source=aRVAoRVyM2B_4sfVQIy4Yw
oddfellows-ice-cream-co-brooklyn-4,"[{'alias': 'icecream', 'title': 'Ice Cream & Frozen Yogurt'}]","{'latitude': 40.7181163, 'longitude': -73.9637241}",(347) 599-0556,2936.6352021444945,05UVA6p1mRIy9rOAN-oJNQ,https://s3-media3.fl.yelpcdn.com/bphoto/h2SuiawmiOqrI3_oYNj7jg/o.jpg,False,"{'address1': '175 Kent Ave', 'address2': None, 'address3': '', 'city': 'Brooklyn', 'zip_code': '11249', 'country': 'US', 'state': 'NY', 'display_address': ['175 Kent Ave', 'Brooklyn, NY 11249']}",OddFellows Ice Cream Co.,+13475990556,$$,4.0,541,"['delivery', 'pickup']",https://www.yelp.com/biz/oddfellows-ice-cream-co-brooklyn-4?adjust_creative=aRVAoRVyM2B_4sfVQIy4Yw&utm_campaign=yelp_api_v3&utm_medium=api_v3_business_search&utm_source=aRVAoRVyM2B_4sfVQIy4Yw
ample-hills-creamery-new-york-3,"[{'alias': 'desserts', 'title': 'Desserts'}, {'alias': 'icecream', 'title': 'Ice Cream & Frozen Yogurt'}]","{'latitude': 40.7395082, 'longitude': -74.0076636}",(646) 590-1288,3955.458751431588,ZwTkxHgFwHzAeIVAHlI1rg,https://s3-media2.fl.yelpcdn.com/bphoto/JtKrIg-nx1rwRcswlCWC6g/o.jpg,False,"{'address1': '73 Gansevoort St', 'address2': None, 'address3': '', 'city': 'New York', 'zip_code': '10014', 'country': 'US', 'state': 'NY', 'display_address': ['73 Gansevoort St', 'New York, NY 10014']}",Ample Hills Creamery,+16465901288,$,4.5,240,[],https://www.yelp.com/biz/ample-hills-creamery-new-york-3?adjust_creative=aRVAoRVyM2B_4sfVQIy4Yw&utm_campaign=yelp_api_v3&utm_medium=api_v3_business_search&utm_source=aRVAoRVyM2B_4sfVQIy4Yw
tipsy-scoop-brooklyn,"[{'alias': 'icecream', 'title': 'Ice Cream & Frozen Yogurt'}, {'alias': 'desserts', 'title': 'Desserts'}, {'alias': 'fooddeliveryservices', 'title': 'Food Delivery Services'}]","{'latitude': 40.7145963, 'longitude': -73.9585161}",(917) 909-1174,3177.588247291372,2G7XG29NPkw1v3jbYeBaNQ,https://s3-media3.fl.yelpcdn.com/bphoto/GiPZhichY-oB4mF-qp_cPg/o.jpg,False,"{'address1': '270 Metropolitan Ave', 'address2': None, 'address3': '', 'city': 'Brooklyn', 'zip_code': '11211', 'country': 'US', 'state': 'NY', 'display_address': ['270 Metropolitan Ave', 'Brooklyn, NY 11211']}",Tipsy Scoop,+19179091174,,5.0,2,[],https://www.yelp.com/biz/tipsy-scoop-brooklyn?adjust_creative=aRVAoRVyM2B_4sfVQIy4Yw&utm_campaign=yelp_api_v3&utm_medium=api_v3_business_search&utm_source=aRVAoRVyM2B_4sfVQIy4Yw
bibble-and-sip-new-york-5,"[{'alias': 'bakeries', 'title': 'Bakeries'}, {'alias': 'coffee', 'title': 'Coffee & Tea'}]","{'latitude': 40.71796, 'longitude': -73.99761}",,1417.1214277803097,aafj0sUR__011Dm5EZ_TFg,https://s3-media1.fl.yelpcdn.com/bphoto/3klce8gzW5UYGyx98ruofw/o.jpg,False,"{'address1': '174 Hester St', 'address2': None, 'address3': '', 'city': 'New York', 'zip_code': '10013', 'country': 'US', 'state': 'NY', 'display_address': ['174 Hester St', 'New York, NY 10013']}",Bibble & Sip,,$,4.5,42,[],https://www.yelp.com/biz/bibble-and-sip-new-york-5?adjust_creative=aRVAoRVyM2B_4sfVQIy4Yw&utm_campaign=yelp_api_v3&utm_medium=api_v3_business_search&utm_source=aRVAoRVyM2B_4sfVQIy4Yw
la-newyorkina-new-york-4,"[{'alias': 'icecream', 'title': 'Ice Cream & Frozen Yogurt'}]","{'latitude': 40.72994, 'longitude': -73.99959}",(646) 861-0727,2765.3858712897595,u9g6NPdCE2JC96J1yvxVuw,https://s3-media2.fl.yelpcdn.com/bphoto/f1XpbSrqCjxyfyoIVPqvUw/o.jpg,False,"{'address1': '240 Sullivan St', 'address2': '', 'address3': None, 'city': 'New York', 'zip_code': '10012', 'country': 'US', 'state': 'NY', 'display_address': ['240 Sullivan St', 'New York, NY 10012']}",La Newyorkina,+16468610727,$,4.5,164,"['delivery', 'pickup']",https://www.yelp.com/biz/la-newyorkina-new-york-4?adjust_creative=aRVAoRVyM2B_4sfVQIy4Yw&utm_campaign=yelp_api_v3&utm_medium=api_v3_business_search&utm_source=aRVAoRVyM2B_4sfVQIy4Yw
bakery-de-paris-flushing-2,"[{'alias': 'bakeries', 'title': 'Bakeries'}, {'alias': 'coffee', 'title': 'Coffee & Tea'}]","{'latitude': 40.759166, 'longitude': -73.803863}",(718) 353-6808,17117.21812307338,kfbRpqulGPEtfV1MtmgWqw,https://s3-media2.fl.yelpcdn.com/bphoto/IM1aMjGy4zPNvQ6XBzVtBg/o.jpg,False,"{'address1': '42-35 162nd St', 'address2': '', 'address3': '', 'city': 'Flushing', 'zip_code': '11358', 'country': 'US', 'state': 'NY', 'display_address': ['42-35 162nd St', 'Flushing, NY 11358']}",Bakery De Paris,+17183536808,$$,4.0,42,[],https://www.yelp.com/biz/bakery-de-paris-flushing-2?adjust_creative=aRVAoRVyM2B_4sfVQIy4Yw&utm_campaign=yelp_api_v3&utm_medium=api_v3_business_search&utm_source=aRVAoRVyM2B_4sfVQIy4Yw
tipsy-scoop-new-york-5,"[{'alias': 'icecream', 'title': 'Ice Cream & Frozen Yogurt'}]","{'latitude': 40.74046, 'longitude': -73.98082}",(917) 388-2862,4055.6754233594297,CEXwbWiW6owH5OUpXcv8JQ,https://s3-media3.fl.yelpcdn.com/bphoto/79PKLZpqVE1ipk7BxsUGAw/o.jpg,False,"{'address1': '217 East 26th St', 'address2': None, 'address3': None, 'city': 'New York', 'zip_code': '10010', 'country': 'US', 'state': 'NY', 'display_address': ['217 East 26th St', 'New York, NY 10010']}",Tipsy Scoop,+19173882862,$$,4.0,396,[],https://www.yelp.com/biz/tipsy-scoop-new-york-5?adjust_creative=aRVAoRVyM2B_4sfVQIy4Yw&utm_campaign=yelp_api_v3&utm_medium=api_v3_business_search&utm_source=aRVAoRVyM2B_4sfVQIy4Yw
van-leeuwen-artisan-ice-cream-brooklyn-4,"[{'alias': 'icecream', 'title': 'Ice Cream & Frozen Yogurt'}]","{'latitude': 40.7183199, 'longitude': -73.9618911}",(929) 337-6907,3083.5223990628688,zalNCZdwwQkyUpOKJOBDeA,https://s3-media4.fl.yelpcdn.com/bphoto/1wLbPH3c-KMCIKZUDWuF-w/o.jpg,False,"{'address1': '204 Wythe Ave', 'address2': '', 'address3': '', 'city': 'Brooklyn', 'zip_code': '11249', 'country': 'US', 'state': 'NY', 'display_address': ['204 Wythe Ave', 'Brooklyn, NY 11249']}",Van Leeuwen Artisan Ice Cream,+19293376907,$$,4.0,187,[],https://www.yelp.com/biz/van-leeuwen-artisan-ice-cream-brooklyn-4?adjust_creative=aRVAoRVyM2B_4sfVQIy4Yw&utm_campaign=yelp_api_v3&utm_medium=api_v3_business_search&utm_source=aRVAoRVyM2B_4sfVQIy4Yw
alphabet-scoop-new-york,"[{'alias': 'icecream', 'title': 'Ice Cream & Frozen Yogurt'}]","{'latitude': 40.72778, 'longitude': -73.97995}",(212) 982-1422,2768.020769118768,V_ZWhNiB4Wqi7F981e5PTA,https://s3-media3.fl.yelpcdn.com/bphoto/ebYAoV9q1a764pFjd1zTOA/o.jpg,False,"{'address1': '543 E 11th St', 'address2': '', 'address3': '', 'city': 'New York', 'zip_code': '10009', 'country': 'US', 'state': 'NY', 'display_address': ['543 E 11th St', 'New York, NY 10009']}",Alphabet Scoop,+12129821422,$,4.5,61,[],https://www.yelp.com/biz/alphabet-scoop-new-york?adjust_creative=aRVAoRVyM2B_4sfVQIy4Yw&utm_campaign=yelp_api_v3&utm_medium=api_v3_business_search&utm_source=aRVAoRVyM2B_4sfVQIy4Yw
parkside-creamery-brooklyn-4,"[{'alias': 'icecream', 'title': 'Ice Cream & Frozen Yogurt'}, {'alias': 'coffee', 'title': 'Coffee & Tea'}]","{'latitude': 40.65685, 'longitude': -73.96032}",,6111.676870044815,6S0816CqeGpz9kBkrkVwTA,https://s3-media2.fl.yelpcdn.com/bphoto/ECylH7W-CWCwjG0NbH1-iA/o.jpg,False,"{'address1': '676 Flatbush Ave', 'address2': None, 'address3': '', 'city': 'Brooklyn', 'zip_code': '11225', 'country': 'US', 'state': 'NY', 'display_address': ['676 Flatbush Ave', 'Brooklyn, NY 11225']}",Parkside Creamery,,$,3.5,46,[],https://www.yelp.com/biz/parkside-creamery-brooklyn-4?adjust_creative=aRVAoRVyM2B_4sfVQIy4Yw&utm_campaign=yelp_api_v3&utm_medium=api_v3_business_search&utm_source=aRVAoRVyM2B_4sfVQIy4Yw
the-jolly-goat-coffee-bar-new-york,"[{'alias': 'coffee', 'title': 'Coffee & Tea'}, {'alias': 'cafes', 'title': 'Cafes'}, {'alias': 'bagels', 'title': 'Bagels'}]","{'latitude': 40.7633010644103, 'longitude': -73.9941928334518}",(646) 509-8957,6433.314335277936,QH9vS9_Q5um3b8sZntZiyw,https://s3-media1.fl.yelpcdn.com/bphoto/CexyXb2U4Z25flVtGzA_Qg/o.jpg,False,"{'address1': '515 W 47th St', 'address2': None, 'address3': '', 'city': 'New York', 'zip_code': '10036', 'country': 'US', 'state': 'NY', 'display_address': ['515 W 47th St', 'New York, NY 10036']}",The Jolly Goat Coffee Bar,+16465098957,$,4.5,317,[],https://www.yelp.com/biz/the-jolly-goat-coffee-bar-new-york?adjust_creative=aRVAoRVyM2B_4sfVQIy4Yw&utm_campaign=yelp_api_v3&utm_medium=api_v3_business_search&utm_source=aRVAoRVyM2B_4sfVQIy4Yw
beard-papas-new-york,"[{'alias': 'bakeries', 'title': 'Bakeries'}, {'alias': 'desserts', 'title': 'Desserts'}, {'alias': 'coffee', 'title': 'Coffee & Tea'}]","{'latitude': 40.7822263, 'longitude': -73.9811905}",(212) 799-3770,8600.266781898672,JaFHhBaCNRJYaGW9zeFQCQ,https://s3-media1.fl.yelpcdn.com/bphoto/S-0DYkYIh3MB0Iy1AHWAAQ/o.jpg,False,"{'address1': '2167 Broadway', 'address2': None, 'address3': '', 'city': 'New York', 'zip_code': '10024', 'country': 'US', 'state': 'NY', 'display_address': ['2167 Broadway', 'New York, NY 10024']}",Beard Papa's,+12127993770,$,4.5,795,[],https://www.yelp.com/biz/beard-papas-new-york?adjust_creative=aRVAoRVyM2B_4sfVQIy4Yw&utm_campaign=yelp_api_v3&utm_medium=api_v3_business_search&utm_source=aRVAoRVyM2B_4sfVQIy4Yw
grom-new-york-7,"[{'alias': 'icecream', 'title': 'Ice Cream & Frozen Yogurt'}, {'alias': 'gelato', 'title': 'Gelato'}]","{'latitude': 40.7305271761439, 'longitude': -74.0024042129517}",(212) 206-1738,2871.5720238443187,8nL3qtKZLyNf6nSyKqcO0g,https://s3-media2.fl.yelpcdn.com/bphoto/KQ7wxiqfkxRLJfn45DwrWw/o.jpg,False,"{'address1': '233 Bleecker St', 'address2': '', 'address3': '', 'city': 'New York', 'zip_code': '10014', 'country': 'US', 'state': 'NY', 'display_address': ['233 Bleecker St', 'New York, NY 10014']}",Grom,+12122061738,$$,4.0,868,"['delivery', 'pickup']",https://www.yelp.com/biz/grom-new-york-7?adjust_creative=aRVAoRVyM2B_4sfVQIy4Yw&utm_campaign=yelp_api_v3&utm_medium=api_v3_business_search&utm_source=aRVAoRVyM2B_4sfVQIy4Yw
van-leeuwen-artisan-ice-cream-brooklyn-6,"[{'alias': 'icecream', 'title': 'Ice Cream & Frozen Yogurt'}, {'alias': 'desserts', 'title': 'Desserts'}, {'alias': 'foodtrucks', 'title': 'Food Trucks'}]","{'latitude': 40.6804, 'longitude': -73.96822}",(347) 240-7453,3540.7398092135104,-eY_CZYS7bQi1l_OUwd4YQ,https://s3-media3.fl.yelpcdn.com/bphoto/NBpu2niiV1jPr-dOKvnQWQ/o.jpg,False,"{'address1': '550 Vanderbilt Ave', 'address2': None, 'address3': '', 'city': 'Brooklyn', 'zip_code': '11238', 'country': 'US', 'state': 'NY', 'display_address': ['550 Vanderbilt Ave', 'Brooklyn, NY 11238']}",Van Leeuwen Artisan Ice Cream,+13472407453,,4.0,6,[],https://www.yelp.com/biz/van-leeuwen-artisan-ice-cream-brooklyn-6?adjust_creative=aRVAoRVyM2B_4sfVQIy4Yw&utm_campaign=yelp_api_v3&utm_medium=api_v3_business_search&utm_source=aRVAoRVyM2B_4sfVQIy4Yw
sweet-gloria-new-york,"[{'alias': 'icecream', 'title': 'Ice Cream & Frozen Yogurt'}, {'alias': 'coffee', 'title': 'Coffee & Tea'}]","{'latitude': 40.72234, 'longitude': -73.99529}",(646) 637-5957,1883.0327385287703,HxOqUjuwhqXdOyqZC31Z2g,https://s3-media2.fl.yelpcdn.com/bphoto/iukibK3-lQQZN-CJkakp1Q/o.jpg,False,"{'address1': '223 Mott St', 'address2': None, 'address3': '', 'city': 'New York', 'zip_code': '10012', 'country': 'US', 'state': 'NY', 'display_address': ['223 Mott St', 'New York, NY 10012']}",Sweet Gloria,+16466375957,,4.5,60,[],https://www.yelp.com/biz/sweet-gloria-new-york?adjust_creative=aRVAoRVyM2B_4sfVQIy4Yw&utm_campaign=yelp_api_v3&utm_medium=api_v3_business_search&utm_source=aRVAoRVyM2B_4sfVQIy4Yw
daveys-ice-cream-brooklyn-2,"[{'alias': 'icecream', 'title': 'Ice Cream & Frozen Yogurt'}, {'alias': 'desserts', 'title': 'Desserts'}, {'alias': 'coffee', 'title': 'Coffee & Tea'}]","{'latitude': 40.7169901, 'longitude': -73.9584132}",(718) 388-3363,3285.397090483371,RtnFzERMHqS7XGQgPYB0Bg,https://s3-media3.fl.yelpcdn.com/bphoto/tm-mGfU7oxpCJZe-UWfZGQ/o.jpg,False,"{'address1': '201 Bedford Ave', 'address2': '', 'address3': '', 'city': 'Brooklyn', 'zip_code': '11211', 'country': 'US', 'state': 'NY', 'display_address': ['201 Bedford Ave', 'Brooklyn, NY 11211']}",Davey's Ice Cream,+17183883363,$,4.5,116,"['delivery', 'pickup']",https://www.yelp.com/biz/daveys-ice-cream-brooklyn-2?adjust_creative=aRVAoRVyM2B_4sfVQIy4Yw&utm_campaign=yelp_api_v3&utm_medium=api_v3_business_search&utm_source=aRVAoRVyM2B_4sfVQIy4Yw
bibble-and-sip-new-york-2,"[{'alias': 'coffee', 'title': 'Coffee & Tea'}, {'alias': 'bakeries', 'title': 'Bakeries'}]","{'latitude': 40.76282, 'longitude': -73.98518}",(646) 649-5116,6427.9212521553545,WHRHK3S1mQc3PmhwsGRvbw,https://s3-media2.fl.yelpcdn.com/bphoto/b4_G7Dc2l1hpHlTjH48kuw/o.jpg,False,"{'address1': '253 W 51st St', 'address2': '', 'address3': '', 'city': 'New York', 'zip_code': '10019', 'country': 'US', 'state': 'NY', 'display_address': ['253 W 51st St', 'New York, NY 10019']}",Bibble & Sip,+16466495116,$,4.5,4367,[],https://www.yelp.com/biz/bibble-and-sip-new-york-2?adjust_creative=aRVAoRVyM2B_4sfVQIy4Yw&utm_campaign=yelp_api_v3&utm_medium=api_v3_business_search&utm_source=aRVAoRVyM2B_4sfVQIy4Yw
strawberry-peacock-brooklyn,"[{'alias': 'icecream', 'title': 'Ice Cream & Frozen Yogurt'}]","{'latitude': 40.67376, 'longitude': -73.957}",,4716.55790475015,aPUSCtT7slLfSO6T8iAUNw,https://s3-media1.fl.yelpcdn.com/bphoto/CWShnrdM-MIxGT3r34V0Ug/o.jpg,False,"{'address1': '728 Franklin Ave', 'address2': '', 'address3': None, 'city': 'Brooklyn', 'zip_code': '11238', 'country': 'US', 'state': 'NY', 'display_address': ['728 Franklin Ave', 'Brooklyn, NY 11238']}",Strawberry Peacock,,,4.0,12,[],https://www.yelp.com/biz/strawberry-peacock-brooklyn?adjust_creative=aRVAoRVyM2B_4sfVQIy4Yw&utm_campaign=yelp_api_v3&utm_medium=api_v3_business_search&utm_source=aRVAoRVyM2B_4sfVQIy4Yw
stuffed-ice-cream-new-york-3,"[{'alias': 'icecream', 'title': 'Ice Cream & Frozen Yogurt'}]","{'latitude': 40.72805, 'longitude': -73.98538}",(917) 261-4904,2624.4780970762404,0kH1mGuqIb5rOrvCKGsWtA,https://s3-media1.fl.yelpcdn.com/bphoto/WDE5HAX0v06acC0Lus03lw/o.jpg,False,"{'address1': '139 1st Ave', 'address2': '', 'address3': None, 'city': 'New York', 'zip_code': '10003', 'country': 'US', 'state': 'NY', 'display_address': ['139 1st Ave', 'New York, NY 10003']}",Stuffed Ice Cream,+19172614904,$,4.5,562,"['delivery', 'pickup']",https://www.yelp.com/biz/stuffed-ice-cream-new-york-3?adjust_creative=aRVAoRVyM2B_4sfVQIy4Yw&utm_campaign=yelp_api_v3&utm_medium=api_v3_business_search&utm_source=aRVAoRVyM2B_4sfVQIy4Yw
la-colombe-coffee-new-york-2,"[{'alias': 'coffee', 'title': 'Coffee & Tea'}]","{'latitude': 40.72396, 'longitude': -73.99643}",(212) 625-1717,2069.5745999716323,-8nEZ20KDfr4PPH47MrAOA,https://s3-media4.fl.yelpcdn.com/bphoto/6j27l5rIkTs8KOZOtc9t_Q/o.jpg,False,"{'address1': '270 Lafayette St', 'address2': '', 'address3': '', 'city': 'New York', 'zip_code': '10012', 'country': 'US', 'state': 'NY', 'display_address': ['270 Lafayette St', 'New York, NY 10012']}",La Colombe Coffee,+12126251717,$$,4.5,645,[],https://www.yelp.com/biz/la-colombe-coffee-new-york-2?adjust_creative=aRVAoRVyM2B_4sfVQIy4Yw&utm_campaign=yelp_api_v3&utm_medium=api_v3_business_search&utm_source=aRVAoRVyM2B_4sfVQIy4Yw
café-zaiya-new-york-4,"[{'alias': 'japanese', 'title': 'Japanese'}, {'alias': 'desserts', 'title': 'Desserts'}]","{'latitude': 40.7523, 'longitude': -73.98043}",(212) 779-0740,5328.954263284404,bJgl6cDIBIMlgrntQbxt1g,https://s3-media4.fl.yelpcdn.com/bphoto/AmBTp2FJ76F22HCr-AFJ1Q/o.jpg,False,"{'address1': '18 E 41st St', 'address2': '', 'address3': '', 'city': 'New York', 'zip_code': '10017', 'country': 'US', 'state': 'NY', 'display_address': ['18 E 41st St', 'New York, NY 10017']}",Café Zaiya,+12127790740,$,4.0,1146,"['delivery', 'pickup']",https://www.yelp.com/biz/caf%C3%A9-zaiya-new-york-4?adjust_creative=aRVAoRVyM2B_4sfVQIy4Yw&utm_campaign=yelp_api_v3&utm_medium=api_v3_business_search&utm_source=aRVAoRVyM2B_4sfVQIy4Yw
sant-ambroeus-new-york,"[{'alias': 'italian', 'title': 'Italian'}, {'alias': 'coffee', 'title': 'Coffee & Tea'}, {'alias': 'breakfast_brunch', 'title': 'Breakfast & Brunch'}]","{'latitude': 40.7752929376282, 'longitude': -73.9629447443084}",(212) 570-2211,8203.515077784059,DCiEo7qucPaEj7Gtdj1U9A,https://s3-media2.fl.yelpcdn.com/bphoto/8PQbwjjMVZJJAsZUtUTIRA/o.jpg,False,"{'address1': '1000 Madison Ave', 'address2': None, 'address3': '', 'city': 'New York', 'zip_code': '10021', 'country': 'US', 'state': 'NY', 'display_address': ['1000 Madison Ave', 'New York, NY 10021']}",Sant Ambroeus,+12125702211,$$$,4.0,354,"['delivery', 'pickup']",https://www.yelp.com/biz/sant-ambroeus-new-york?adjust_creative=aRVAoRVyM2B_4sfVQIy4Yw&utm_campaign=yelp_api_v3&utm_medium=api_v3_business_search&utm_source=aRVAoRVyM2B_4sfVQIy4Yw
morgensterns-finest-ice-cream-new-york-5,"[{'alias': 'icecream', 'title': 'Ice Cream & Frozen Yogurt'}, {'alias': 'desserts', 'title': 'Desserts'}, {'alias': 'customcakes', 'title': 'Custom Cakes'}]","{'latitude': 40.727261, 'longitude': -73.9998311945616}",,2470.3341484903335,LkyWtRFzwjv2nyq_81qqDA,https://s3-media2.fl.yelpcdn.com/bphoto/bd6wqJs0BmS-C0LWj8nPJA/o.jpg,False,"{'address1': '88 W Houston St', 'address2': '', 'address3': None, 'city': 'New York', 'zip_code': '10012', 'country': 'US', 'state': 'NY', 'display_address': ['88 W Houston St', 'New York, NY 10012']}",Morgenstern's Finest Ice Cream,,$$,4.0,70,[],https://www.yelp.com/biz/morgensterns-finest-ice-cream-new-york-5?adjust_creative=aRVAoRVyM2B_4sfVQIy4Yw&utm_campaign=yelp_api_v3&utm_medium=api_v3_business_search&utm_source=aRVAoRVyM2B_4sfVQIy4Yw
creme-and-sugar-ridgewood-2,"[{'alias': 'icecream', 'title': 'Ice Cream & Frozen Yogurt'}, {'alias': 'peruvian', 'title': 'Peruvian'}, {'alias': 'cafes', 'title': 'Cafes'}]","{'latitude': 40.70324, 'longitude': -73.89827}",(347) 667-5957,7831.5424141836,QigD2yyqDOKJ7e_wJJFLAA,https://s3-media1.fl.yelpcdn.com/bphoto/Xa_4dDR8G-iHDSqeU8LRfw/o.jpg,False,"{'address1': '58-42A Catalpa Ave', 'address2': None, 'address3': '', 'city': 'Ridgewood', 'zip_code': '11385', 'country': 'US', 'state': 'NY', 'display_address': ['58-42A Catalpa Ave', 'Ridgewood, NY 11385']}",Creme & Sugar,+13476675957,$,4.5,37,[],https://www.yelp.com/biz/creme-and-sugar-ridgewood-2?adjust_creative=aRVAoRVyM2B_4sfVQIy4Yw&utm_campaign=yelp_api_v3&utm_medium=api_v3_business_search&utm_source=aRVAoRVyM2B_4sfVQIy4Yw
chinatown-ice-cream-factory-new-york,"[{'alias': 'icecream', 'title': 'Ice Cream & Frozen Yogurt'}, {'alias': 'desserts', 'title': 'Desserts'}]","{'latitude': 40.715452, 'longitude': -73.99818}",(212) 608-4170,1159.9655063045245,o6q3jm-dU5A6nV3r2lBg9A,https://s3-media4.fl.yelpcdn.com/bphoto/qefHcdS7L4-8v88Ng4so9g/o.jpg,False,"{'address1': '65 Bayard St', 'address2': '', 'address3': '', 'city': 'New York', 'zip_code': '10013', 'country': 'US', 'state': 'NY', 'display_address': ['65 Bayard St', 'New York, NY 10013']}",Chinatown Ice Cream Factory,+12126084170,$,4.0,2608,[],https://www.yelp.com/biz/chinatown-ice-cream-factory-new-york?adjust_creative=aRVAoRVyM2B_4sfVQIy4Yw&utm_campaign=yelp_api_v3&utm_medium=api_v3_business_search&utm_source=aRVAoRVyM2B_4sfVQIy4Yw
ice-cream-house-brooklyn-3,"[{'alias': 'icecream', 'title': 'Ice Cream & Frozen Yogurt'}, {'alias': 'bakeries', 'title': 'Bakeries'}, {'alias': 'customcakes', 'title': 'Custom Cakes'}]","{'latitude': 40.641187, 'longitude': -73.982886}",(718) 972-0222,7209.612771635646,fuo9VE2cRveImyTiZkH7sA,https://s3-media1.fl.yelpcdn.com/bphoto/iH_6rAiU9-AZwXgZC-zFOg/o.jpg,False,"{'address1': '2 Church Ave', 'address2': '', 'address3': '', 'city': 'Brooklyn', 'zip_code': '11218', 'country': 'US', 'state': 'NY', 'display_address': ['2 Church Ave', 'Brooklyn, NY 11218']}",Ice Cream House,+17189720222,$,4.0,29,"['delivery', 'pickup']",https://www.yelp.com/biz/ice-cream-house-brooklyn-3?adjust_creative=aRVAoRVyM2B_4sfVQIy4Yw&utm_campaign=yelp_api_v3&utm_medium=api_v3_business_search&utm_source=aRVAoRVyM2B_4sfVQIy4Yw
ample-hills-creamery-brooklyn-6,"[{'alias': 'icecream', 'title': 'Ice Cream & Frozen Yogurt'}]","{'latitude': 40.694534383449, 'longitude': -74.0006280198517}",(718) 643-6961,1325.5236875505586,ON3ZNADbRiSf-DXkzHHnBg,https://s3-media3.fl.yelpcdn.com/bphoto/sbKEb2785aNUBPNeezGgwQ/o.jpg,False,"{'address1': 'Brooklyn Bridge Park', 'address2': '', 'address3': 'Pier 5', 'city': 'Brooklyn', 'zip_code': '11201', 'country': 'US', 'state': 'NY', 'display_address': ['Brooklyn Bridge Park', 'Pier 5', 'Brooklyn, NY 11201']}",Ample Hills Creamery,+17186436961,$,4.5,106,[],https://www.yelp.com/biz/ample-hills-creamery-brooklyn-6?adjust_creative=aRVAoRVyM2B_4sfVQIy4Yw&utm_campaign=yelp_api_v3&utm_medium=api_v3_business_search&utm_source=aRVAoRVyM2B_4sfVQIy4Yw
emack-and-bolios-new-york-4,"[{'alias': 'icecream', 'title': 'Ice Cream & Frozen Yogurt'}]","{'latitude': 40.78282, 'longitude': -73.97834}",(212) 362-2747,8711.855601630414,sfmbuBNnp_NgswIFu2KjUQ,https://s3-media2.fl.yelpcdn.com/bphoto/QjXbhS7xzRiweBQH124lcQ/o.jpg,False,"{'address1': '389 Amsterdam Ave', 'address2': '', 'address3': '', 'city': 'New York', 'zip_code': '10026', 'country': 'US', 'state': 'NY', 'display_address': ['389 Amsterdam Ave', 'New York, NY 10026']}",Emack and Bolio's,+12123622747,$$,4.0,260,[],https://www.yelp.com/biz/emack-and-bolios-new-york-4?adjust_creative=aRVAoRVyM2B_4sfVQIy4Yw&utm_campaign=yelp_api_v3&utm_medium=api_v3_business_search&utm_source=aRVAoRVyM2B_4sfVQIy4Yw
hex-and-company-new-york,"[{'alias': 'cafes', 'title': 'Cafes'}, {'alias': 'coffee', 'title': 'Coffee & Tea'}, {'alias': 'tabletopgames', 'title': 'Tabletop Games'}]","{'latitude': 40.80528, 'longitude': -73.96623}",(212) 439-1008,11348.244433794944,3kHqWLMrUAU3iK9-1dyRJw,https://s3-media1.fl.yelpcdn.com/bphoto/wr2loN5hjTk4KOBzzL1t5Q/o.jpg,False,"{'address1': '2871 Broadway', 'address2': None, 'address3': '', 'city': 'New York', 'zip_code': '10025', 'country': 'US', 'state': 'NY', 'display_address': ['2871 Broadway', 'New York, NY 10025']}",Hex & Company,+12124391008,$,4.5,39,[],https://www.yelp.com/biz/hex-and-company-new-york?adjust_creative=aRVAoRVyM2B_4sfVQIy4Yw&utm_campaign=yelp_api_v3&utm_medium=api_v3_business_search&utm_source=aRVAoRVyM2B_4sfVQIy4Yw
cones-artisanal-ice-cream-new-york,"[{'alias': 'icecream', 'title': 'Ice Cream & Frozen Yogurt'}]","{'latitude': 40.7315227, 'longitude': -74.0032698}",(212) 414-1795,2996.781583660963,Hlj1BRYzB2xJxl8_UEnrDw,https://s3-media4.fl.yelpcdn.com/bphoto/T8y9odhLwJwkpjsmzCbGcQ/o.jpg,False,"{'address1': '272 Bleecker St', 'address2': '', 'address3': '', 'city': 'New York', 'zip_code': '10014', 'country': 'US', 'state': 'NY', 'display_address': ['272 Bleecker St', 'New York, NY 10014']}",CONES - Artisanal Ice Cream,+12124141795,$$,4.0,560,"['delivery', 'pickup']",https://www.yelp.com/biz/cones-artisanal-ice-cream-new-york?adjust_creative=aRVAoRVyM2B_4sfVQIy4Yw&utm_campaign=yelp_api_v3&utm_medium=api_v3_business_search&utm_source=aRVAoRVyM2B_4sfVQIy4Yw
stax-ice-cream-new-york,"[{'alias': 'icecream', 'title': 'Ice Cream & Frozen Yogurt'}, {'alias': 'donuts', 'title': 'Donuts'}, {'alias': 'customcakes', 'title': 'Custom Cakes'}]","{'latitude': 40.7177, 'longitude': -73.99272}",(646) 870-0214,1360.8386351782572,-NtHP64oJGd1ZunqQjx8fg,https://s3-media4.fl.yelpcdn.com/bphoto/oZfnolLkd3chd1SOuM5eEw/o.jpg,False,"{'address1': '279 Grand St', 'address2': None, 'address3': '', 'city': 'New York', 'zip_code': '10002', 'country': 'US', 'state': 'NY', 'display_address': ['279 Grand St', 'New York, NY 10002']}",Stax Ice Cream,+16468700214,$,4.5,359,"['delivery', 'pickup']",https://www.yelp.com/biz/stax-ice-cream-new-york?adjust_creative=aRVAoRVyM2B_4sfVQIy4Yw&utm_campaign=yelp_api_v3&utm_medium=api_v3_business_search&utm_source=aRVAoRVyM2B_4sfVQIy4Yw
ice-and-vice-new-york-6,"[{'alias': 'desserts', 'title': 'Desserts'}, {'alias': 'icecream', 'title': 'Ice Cream & Frozen Yogurt'}, {'alias': 'fooddeliveryservices', 'title': 'Food Delivery Services'}]","{'latitude': 40.7142842719948, 'longitude': -73.9868737828033}",(646) 678-3687,1164.9773584755026,HaRZCA7LK8BzG0buH2SaZA,https://s3-media3.fl.yelpcdn.com/bphoto/QuMIX_rciNwD-8jX3-16xQ/o.jpg,False,"{'address1': '221 E Broadway', 'address2': None, 'address3': None, 'city': 'New York', 'zip_code': '10002', 'country': 'US', 'state': 'NY', 'display_address': ['221 E Broadway', 'New York, NY 10002']}",Ice & Vice,+16466783687,$$,4.5,706,[],https://www.yelp.com/biz/ice-and-vice-new-york-6?adjust_creative=aRVAoRVyM2B_4sfVQIy4Yw&utm_campaign=yelp_api_v3&utm_medium=api_v3_business_search&utm_source=aRVAoRVyM2B_4sfVQIy4Yw
the-sweet-shop-nyc-new-york,"[{'alias': 'candy', 'title': 'Candy Stores'}, {'alias': 'icecream', 'title': 'Ice Cream & Frozen Yogurt'}, {'alias': 'chocolate', 'title': 'Chocolatiers & Shops'}]","{'latitude': 40.768054, 'longitude': -73.955091}",(212) 960-8685,7705.598938745693,iSGQWoJ1D2o0rbOsjd6OIQ,https://s3-media3.fl.yelpcdn.com/bphoto/aMzlWOvNPAIUG_wo6t65RA/o.jpg,False,"{'address1': '404 E 73rd St', 'address2': '', 'address3': '', 'city': 'New York', 'zip_code': '10021', 'country': 'US', 'state': 'NY', 'display_address': ['404 E 73rd St', 'New York, NY 10021']}",The Sweet Shop NYC,+12129608685,$$,4.0,401,['delivery'],https://www.yelp.com/biz/the-sweet-shop-nyc-new-york?adjust_creative=aRVAoRVyM2B_4sfVQIy4Yw&utm_campaign=yelp_api_v3&utm_medium=api_v3_business_search&utm_source=aRVAoRVyM2B_4sfVQIy4Yw
van-leeuwen-artisan-ice-cream-new-york-20,"[{'alias': 'icecream', 'title': 'Ice Cream & Frozen Yogurt'}, {'alias': 'desserts', 'title': 'Desserts'}]","{'latitude': 40.7262165219995, 'longitude': -73.9988906071781}",,2341.9755708535986,LIINDegzlxu0FvdSAeq6jA,https://s3-media3.fl.yelpcdn.com/bphoto/Hdx6Ydem17xnnwm5O6SJqg/o.jpg,False,"{'address1': '61 W Houston St', 'address2': '', 'address3': None, 'city': 'New York', 'zip_code': '10012', 'country': 'US', 'state': 'NY', 'display_address': ['61 W Houston St', 'New York, NY 10012']}",Van Leeuwen Artisan Ice Cream,,,4.5,12,[],https://www.yelp.com/biz/van-leeuwen-artisan-ice-cream-new-york-20?adjust_creative=aRVAoRVyM2B_4sfVQIy4Yw&utm_campaign=yelp_api_v3&utm_medium=api_v3_business_search&utm_source=aRVAoRVyM2B_4sfVQIy4Yw
ample-hills-creamery-brooklyn-7,"[{'alias': 'icecream', 'title': 'Ice Cream & Frozen Yogurt'}, {'alias': 'desserts', 'title': 'Desserts'}]","{'latitude': 40.690584, 'longitude': -73.982326}",(929) 368-2762,1874.716920029624,t7aTKsPEnOKy4w31N1RZ0g,https://s3-media3.fl.yelpcdn.com/bphoto/HwZQSEovl4gFsn-TPGDLyg/o.jpg,False,"{'address1': '445 Albee Square W', 'address2': None, 'address3': 'Dekalb Market Hall', 'city': 'Brooklyn', 'zip_code': '11201', 'country': 'US', 'state': 'NY', 'display_address': ['445 Albee Square W', 'Dekalb Market Hall', 'Brooklyn, NY 11201']}",Ample Hills Creamery,+19293682762,$$,4.5,53,[],https://www.yelp.com/biz/ample-hills-creamery-brooklyn-7?adjust_creative=aRVAoRVyM2B_4sfVQIy4Yw&utm_campaign=yelp_api_v3&utm_medium=api_v3_business_search&utm_source=aRVAoRVyM2B_4sfVQIy4Yw
ap-café-brooklyn-2,"[{'alias': 'coffee', 'title': 'Coffee & Tea'}]","{'latitude': 40.7069641936322, 'longitude': -73.9221150190971}",(347) 404-6147,6086.443081297181,y4KOTUAOtyq0O76PS8cWPA,https://s3-media2.fl.yelpcdn.com/bphoto/UJUrthL0gSuPwJK_6jwhLw/o.jpg,False,"{'address1': '420 Troutman St', 'address2': '', 'address3': '', 'city': 'Brooklyn', 'zip_code': '11237', 'country': 'US', 'state': 'NY', 'display_address': ['420 Troutman St', 'Brooklyn, NY 11237']}",AP Café,+13474046147,$$,4.0,163,"['delivery', 'pickup']",https://www.yelp.com/biz/ap-caf%C3%A9-brooklyn-2?adjust_creative=aRVAoRVyM2B_4sfVQIy4Yw&utm_campaign=yelp_api_v3&utm_medium=api_v3_business_search&utm_source=aRVAoRVyM2B_4sfVQIy4Yw
ample-hills-creamery-new-york-2,"[{'alias': 'desserts', 'title': 'Desserts'}, {'alias': 'icecream', 'title': 'Ice Cream & Frozen Yogurt'}]","{'latitude': 40.7623971864482, 'longitude': -73.997002321425}",(212) 582-9354,6336.9147303543195,Oa5jGPt5eIwz-qBeFxwsMA,https://s3-media3.fl.yelpcdn.com/bphoto/eUzl8shg6XRFF1PT2qnsTQ/o.jpg,False,"{'address1': '600 11th Ave', 'address2': '', 'address3': 'Gotham W Market', 'city': 'New York', 'zip_code': '10036', 'country': 'US', 'state': 'NY', 'display_address': ['600 11th Ave', 'Gotham W Market', 'New York, NY 10036']}",Ample Hills Creamery,+12125829354,$$,4.5,315,[],https://www.yelp.com/biz/ample-hills-creamery-new-york-2?adjust_creative=aRVAoRVyM2B_4sfVQIy4Yw&utm_campaign=yelp_api_v3&utm_medium=api_v3_business_search&utm_source=aRVAoRVyM2B_4sfVQIy4Yw
kitsby-new-york-3,"[{'alias': 'desserts', 'title': 'Desserts'}, {'alias': 'coffee', 'title': 'Coffee & Tea'}, {'alias': 'bakeries', 'title': 'Bakeries'}]","{'latitude': 40.71411, 'longitude': -73.96098}",(917) 530-5006,2969.509868206952,7-yC49tlWreX6TQtMNFSFg,https://s3-media2.fl.yelpcdn.com/bphoto/4IHuxhF_d6F-Dcwgdjs7Zw/o.jpg,False,"{'address1': '186 Grand St', 'address2': None, 'address3': '', 'city': 'New York', 'zip_code': '11211', 'country': 'US', 'state': 'NY', 'display_address': ['186 Grand St', 'New York, NY 11211']}",Kitsby,+19175305006,,5.0,30,[],https://www.yelp.com/biz/kitsby-new-york-3?adjust_creative=aRVAoRVyM2B_4sfVQIy4Yw&utm_campaign=yelp_api_v3&utm_medium=api_v3_business_search&utm_source=aRVAoRVyM2B_4sfVQIy4Yw
malai-ice-cream-brooklyn-2,"[{'alias': 'icecream', 'title': 'Ice Cream & Frozen Yogurt'}]","{'latitude': 40.68271, 'longitude': -73.99332}",,2527.8247153332636,InxhM9dDfWC4Pl4OpFAKbQ,https://s3-media1.fl.yelpcdn.com/bphoto/t46h0M9gMZ5D48wz1EHDdQ/o.jpg,False,"{'address1': '268 Smith St', 'address2': '', 'address3': None, 'city': 'Brooklyn', 'zip_code': '11231', 'country': 'US', 'state': 'NY', 'display_address': ['268 Smith St', 'Brooklyn, NY 11231']}",Malai Ice Cream,,,4.5,30,[],https://www.yelp.com/biz/malai-ice-cream-brooklyn-2?adjust_creative=aRVAoRVyM2B_4sfVQIy4Yw&utm_campaign=yelp_api_v3&utm_medium=api_v3_business_search&utm_source=aRVAoRVyM2B_4sfVQIy4Yw
321-ice-cream-shop-brooklyn,"[{'alias': 'desserts', 'title': 'Desserts'}, {'alias': 'icecream', 'title': 'Ice Cream & Frozen Yogurt'}, {'alias': 'coffee', 'title': 'Coffee & Tea'}]","{'latitude': 40.7129, 'longitude': -73.95779}",,3189.025970891153,wjv41V1Ztzj973ju3hEl5w,https://s3-media2.fl.yelpcdn.com/bphoto/uV-y_qSRRskLba5uVs9DJA/o.jpg,False,"{'address1': '288 Grand St', 'address2': None, 'address3': '', 'city': 'Brooklyn', 'zip_code': '11211', 'country': 'US', 'state': 'NY', 'display_address': ['288 Grand St', 'Brooklyn, NY 11211']}",-321° Ice Cream Shop,,$$,4.0,484,[],https://www.yelp.com/biz/321-ice-cream-shop-brooklyn?adjust_creative=aRVAoRVyM2B_4sfVQIy4Yw&utm_campaign=yelp_api_v3&utm_medium=api_v3_business_search&utm_source=aRVAoRVyM2B_4sfVQIy4Yw
