alias,categories,coordinates,display_phone,distance,id,image_url,is_closed,location,name,phone,price,rating,review_count,transactions,url
the-bardo-coffee-house-denver,"[{'alias': 'coffee', 'title': 'Coffee & Tea'}, {'alias': 'bakeries', 'title': 'Bakeries'}, {'alias': 'internetcafe', 'title': 'Internet Cafes'}]","{'latitude': 39.71228, 'longitude': -104.98734}",(303) 629-8331,2970.0486620193797,0ZZJ_FrcYS_7b6uUTx5fLQ,https://s3-media2.fl.yelpcdn.com/bphoto/O-ncbrsbaXvCVsnEU3hh3A/o.jpg,False,"{'address1': '238 S Broadway', 'address2': '', 'address3': '', 'city': 'Denver', 'zip_code': '80209', 'country': 'US', 'state': 'CO', 'display_address': ['238 S Broadway', 'Denver, CO 80209']}",The Bardo Coffee House,+13036298331,$,4.5,352,[],https://www.yelp.com/biz/the-bardo-coffee-house-denver?adjust_creative=aRVAoRVyM2B_4sfVQIy4Yw&utm_campaign=yelp_api_v3&utm_medium=api_v3_business_search&utm_source=aRVAoRVyM2B_4sfVQIy4Yw
glacier-home-made-ice-cream-and-gelato-boulder,"[{'alias': 'icecream', 'title': 'Ice Cream & Frozen Yogurt'}, {'alias': 'gelato', 'title': 'Gelato'}]","{'latitude': 40.0315597, 'longitude': -105.258992}",(303) 440-6542,41116.478825361984,ICQFrdZKTyda5PZ2yMNrcg,https://s3-media3.fl.yelpcdn.com/bphoto/ReJpRucirwqrjJr1vVlc3w/o.jpg,False,"{'address1': '3133 28th St', 'address2': '', 'address3': '', 'city': 'Boulder', 'zip_code': '80301', 'country': 'US', 'state': 'CO', 'display_address': ['3133 28th St', 'Boulder, CO 80301']}",Glacier Home Made Ice Cream & Gelato,+13034406542,$,4.5,157,[],https://www.yelp.com/biz/glacier-home-made-ice-cream-and-gelato-boulder?adjust_creative=aRVAoRVyM2B_4sfVQIy4Yw&utm_campaign=yelp_api_v3&utm_medium=api_v3_business_search&utm_source=aRVAoRVyM2B_4sfVQIy4Yw
corvus-coffee-roasters-denver-2,"[{'alias': 'coffee', 'title': 'Coffee & Tea'}]","{'latitude': 39.6849, 'longitude': -104.98726}",(303) 715-1740,5807.833329348659,f72j5IEzYUzRMw4qXetkMg,https://s3-media2.fl.yelpcdn.com/bphoto/kVNNds9KRpvRVYQlJSQLzQ/o.jpg,False,"{'address1': '1740 S Broadway', 'address2': None, 'address3': '', 'city': 'Denver', 'zip_code': '80210', 'country': 'US', 'state': 'CO', 'display_address': ['1740 S Broadway', 'Denver, CO 80210']}",Corvus Coffee Roasters,+13037151740,$$,4.5,347,[],https://www.yelp.com/biz/corvus-coffee-roasters-denver-2?adjust_creative=aRVAoRVyM2B_4sfVQIy4Yw&utm_campaign=yelp_api_v3&utm_medium=api_v3_business_search&utm_source=aRVAoRVyM2B_4sfVQIy4Yw
high-point-creamery-denver-2,"[{'alias': 'icecream', 'title': 'Ice Cream & Frozen Yogurt'}]","{'latitude': 39.7594833374023, 'longitude': -104.984649658203}",(303) 993-4581,2919.4971879177297,OzHCBPBiBt2hVGne7fwCAw,https://s3-media2.fl.yelpcdn.com/bphoto/ILQreMCxKUaZZG4gg36UCQ/o.jpg,False,"{'address1': '2669 Larimer St', 'address2': '', 'address3': None, 'city': 'Denver', 'zip_code': '80205', 'country': 'US', 'state': 'CO', 'display_address': ['2669 Larimer St', 'Denver, CO 80205']}",High Point Creamery,+13039934581,$,4.5,80,['delivery'],https://www.yelp.com/biz/high-point-creamery-denver-2?adjust_creative=aRVAoRVyM2B_4sfVQIy4Yw&utm_campaign=yelp_api_v3&utm_medium=api_v3_business_search&utm_source=aRVAoRVyM2B_4sfVQIy4Yw
liks-ice-cream-denver,"[{'alias': 'icecream', 'title': 'Ice Cream & Frozen Yogurt'}]","{'latitude': 39.737, 'longitude': -104.9626}",(303) 321-2370,682.3708025959645,JeQR_ov0Sox_tSg7tF8eaQ,https://s3-media2.fl.yelpcdn.com/bphoto/Vv83koZU6yc2jx-PO1nJyA/o.jpg,False,"{'address1': '2039 E 13th Ave', 'address2': '', 'address3': '', 'city': 'Denver', 'zip_code': '80206', 'country': 'US', 'state': 'CO', 'display_address': ['2039 E 13th Ave', 'Denver, CO 80206']}",Liks Ice Cream,+13033212370,$,4.5,381,[],https://www.yelp.com/biz/liks-ice-cream-denver?adjust_creative=aRVAoRVyM2B_4sfVQIy4Yw&utm_campaign=yelp_api_v3&utm_medium=api_v3_business_search&utm_source=aRVAoRVyM2B_4sfVQIy4Yw
mugs-and-cones-cafe-lakewood,"[{'alias': 'coffee', 'title': 'Coffee & Tea'}, {'alias': 'icecream', 'title': 'Ice Cream & Frozen Yogurt'}, {'alias': 'comfortfood', 'title': 'Comfort Food'}]","{'latitude': 39.7486501, 'longitude': -105.0815549}",(303) 955-5215,9706.903723637031,T9M700RjFU3ph1nDYXCqkg,https://s3-media4.fl.yelpcdn.com/bphoto/8BrQR-5RQFUV6_LOKCrh4g/o.jpg,False,"{'address1': '2099 Wadsworth Blvd', 'address2': 'Ste G', 'address3': None, 'city': 'Lakewood', 'zip_code': '80214', 'country': 'US', 'state': 'CO', 'display_address': ['2099 Wadsworth Blvd', 'Ste G', 'Lakewood, CO 80214']}",Mugs And Cones Cafe,+13039555215,,5.0,22,[],https://www.yelp.com/biz/mugs-and-cones-cafe-lakewood?adjust_creative=aRVAoRVyM2B_4sfVQIy4Yw&utm_campaign=yelp_api_v3&utm_medium=api_v3_business_search&utm_source=aRVAoRVyM2B_4sfVQIy4Yw
sweet-action-ice-cream-denver,"[{'alias': 'icecream', 'title': 'Ice Cream & Frozen Yogurt'}]","{'latitude': 39.7174453735352, 'longitude': -104.987106323242}",(303) 282-4645,2459.424852171851,79Sr9y4YiaHsS3-WE3-YGA,https://s3-media2.fl.yelpcdn.com/bphoto/Lxx6ZoejgN7iWjTup5ohfw/o.jpg,False,"{'address1': '52 Broadway', 'address2': None, 'address3': '', 'city': 'Denver', 'zip_code': '80203', 'country': 'US', 'state': 'CO', 'display_address': ['52 Broadway', 'Denver, CO 80203']}",Sweet Action Ice Cream,+13032824645,$,4.5,885,[],https://www.yelp.com/biz/sweet-action-ice-cream-denver?adjust_creative=aRVAoRVyM2B_4sfVQIy4Yw&utm_campaign=yelp_api_v3&utm_medium=api_v3_business_search&utm_source=aRVAoRVyM2B_4sfVQIy4Yw
frozen-matter-denver,"[{'alias': 'icecream', 'title': 'Ice Cream & Frozen Yogurt'}]","{'latitude': 39.7461676, 'longitude': -104.9807281}",(720) 600-6358,1484.5884735327688,TQnGyQlagGiMdAwkC6XDMA,https://s3-media3.fl.yelpcdn.com/bphoto/k8hNlNV3RufNv8ll8zjOzw/o.jpg,False,"{'address1': '530 E 19th Ave', 'address2': '', 'address3': '', 'city': 'Denver', 'zip_code': '80203', 'country': 'US', 'state': 'CO', 'display_address': ['530 E 19th Ave', 'Denver, CO 80203']}",Frozen Matter,+17206006358,$,4.5,108,[],https://www.yelp.com/biz/frozen-matter-denver?adjust_creative=aRVAoRVyM2B_4sfVQIy4Yw&utm_campaign=yelp_api_v3&utm_medium=api_v3_business_search&utm_source=aRVAoRVyM2B_4sfVQIy4Yw
whittier-cafe-denver-2,"[{'alias': 'coffee', 'title': 'Coffee & Tea'}, {'alias': 'breakfast_brunch', 'title': 'Breakfast & Brunch'}, {'alias': 'sandwiches', 'title': 'Sandwiches'}]","{'latitude': 39.7530209, 'longitude': -104.9668592}",(720) 550-7440,1966.9635296839333,3E-cs5eSPnWnjeJp7sC3ZQ,https://s3-media2.fl.yelpcdn.com/bphoto/7qQ9lShh0srt9bd6Yi3FlQ/o.jpg,False,"{'address1': '1710 E 25th Ave', 'address2': '', 'address3': '', 'city': 'Denver', 'zip_code': '80205', 'country': 'US', 'state': 'CO', 'display_address': ['1710 E 25th Ave', 'Denver, CO 80205']}",Whittier Cafe,+17205507440,$,4.5,74,[],https://www.yelp.com/biz/whittier-cafe-denver-2?adjust_creative=aRVAoRVyM2B_4sfVQIy4Yw&utm_campaign=yelp_api_v3&utm_medium=api_v3_business_search&utm_source=aRVAoRVyM2B_4sfVQIy4Yw
smith-and-canon-ice-cream-denver,"[{'alias': 'icecream', 'title': 'Ice Cream & Frozen Yogurt'}]","{'latitude': 39.73973, 'longitude': -104.96005}",,992.9921821614842,jaK6RSHeYQflsswWfyynbA,https://s3-media2.fl.yelpcdn.com/bphoto/0_hF4FTYZod5HxY2haaggw/o.jpg,False,"{'address1': '2260 E Colfax Ave', 'address2': '', 'address3': None, 'city': 'Denver', 'zip_code': '80206', 'country': 'US', 'state': 'CO', 'display_address': ['2260 E Colfax Ave', 'Denver, CO 80206']}",Smith and Canon Ice Cream,,,5.0,18,[],https://www.yelp.com/biz/smith-and-canon-ice-cream-denver?adjust_creative=aRVAoRVyM2B_4sfVQIy4Yw&utm_campaign=yelp_api_v3&utm_medium=api_v3_business_search&utm_source=aRVAoRVyM2B_4sfVQIy4Yw
mixing-bowl-cookie-dough-aurora-4,"[{'alias': 'desserts', 'title': 'Desserts'}, {'alias': 'icecream', 'title': 'Ice Cream & Frozen Yogurt'}]","{'latitude': 39.61591, 'longitude': -104.81628}",(720) 819-6757,18840.355669983444,9v-YfgIWzgY9Pc8HJDGY3A,https://s3-media3.fl.yelpcdn.com/bphoto/Gt3Rr6oU7_Hkk4XD7oL5pQ/o.jpg,False,"{'address1': '5580 S Parker Rd', 'address2': None, 'address3': '', 'city': 'Aurora', 'zip_code': '80015', 'country': 'US', 'state': 'CO', 'display_address': ['5580 S Parker Rd', 'Aurora, CO 80015']}",Mixing Bowl Cookie Dough,+17208196757,,5.0,45,"['delivery', 'pickup']",https://www.yelp.com/biz/mixing-bowl-cookie-dough-aurora-4?adjust_creative=aRVAoRVyM2B_4sfVQIy4Yw&utm_campaign=yelp_api_v3&utm_medium=api_v3_business_search&utm_source=aRVAoRVyM2B_4sfVQIy4Yw
baker-neighborhood-market-denver-2,"[{'alias': 'coffee', 'title': 'Coffee & Tea'}, {'alias': 'breakfast_brunch', 'title': 'Breakfast & Brunch'}]","{'latitude': 39.72283, 'longitude': -104.99683}",(720) 306-4473,2681.6020123357275,uZGPQDY5canPk9aAKMmQjA,https://s3-media3.fl.yelpcdn.com/bphoto/Rrth4dzkMdk022-djXxVgw/o.jpg,False,"{'address1': '713 W 4th Ave', 'address2': None, 'address3': '', 'city': 'Denver', 'zip_code': '80223', 'country': 'US', 'state': 'CO', 'display_address': ['713 W 4th Ave', 'Denver, CO 80223']}",Baker Neighborhood Market,+17203064473,,5.0,12,"['delivery', 'pickup']",https://www.yelp.com/biz/baker-neighborhood-market-denver-2?adjust_creative=aRVAoRVyM2B_4sfVQIy4Yw&utm_campaign=yelp_api_v3&utm_medium=api_v3_business_search&utm_source=aRVAoRVyM2B_4sfVQIy4Yw
the-constellation-denver,"[{'alias': 'icecream', 'title': 'Ice Cream & Frozen Yogurt'}]","{'latitude': 39.75986, 'longitude': -104.8690781}",(303) 993-2751,9062.626011789642,Z1jtPrLltI9z3Ft1kpVHDw,https://s3-media3.fl.yelpcdn.com/bphoto/883bJGgKs4wTvPFapy6e-g/o.jpg,False,"{'address1': '10175 E 29th Dr', 'address2': '', 'address3': None, 'city': 'Denver', 'zip_code': '80238', 'country': 'US', 'state': 'CO', 'display_address': ['10175 E 29th Dr', 'Denver, CO 80238']}",The Constellation,+13039932751,,4.5,20,[],https://www.yelp.com/biz/the-constellation-denver?adjust_creative=aRVAoRVyM2B_4sfVQIy4Yw&utm_campaign=yelp_api_v3&utm_medium=api_v3_business_search&utm_source=aRVAoRVyM2B_4sfVQIy4Yw
i-ce-ny-denver-denver-3,"[{'alias': 'icecream', 'title': 'Ice Cream & Frozen Yogurt'}, {'alias': 'desserts', 'title': 'Desserts'}]","{'latitude': 39.74106, 'longitude': -105.04203}",(303) 856-3690,6170.0523598062055,FYgd4ACAD-BAD4YKtk6WfQ,https://s3-media3.fl.yelpcdn.com/bphoto/qHzunjkwuCwOyIpI3WfvAw/o.jpg,False,"{'address1': '1525 N Raleigh St', 'address2': 'Ste 110', 'address3': '', 'city': 'Denver', 'zip_code': '80204', 'country': 'US', 'state': 'CO', 'display_address': ['1525 N Raleigh St', 'Ste 110', 'Denver, CO 80204']}",I-CE-NY Denver,+13038563690,,5.0,35,"['delivery', 'pickup']",https://www.yelp.com/biz/i-ce-ny-denver-denver-3?adjust_creative=aRVAoRVyM2B_4sfVQIy4Yw&utm_campaign=yelp_api_v3&utm_medium=api_v3_business_search&utm_source=aRVAoRVyM2B_4sfVQIy4Yw
scoops-denver,"[{'alias': 'icecream', 'title': 'Ice Cream & Frozen Yogurt'}]","{'latitude': 39.7493399, 'longitude': -104.96991}",(303) 830-3198,1532.3160070914707,YsmxEEokPZqhvgzAwkx2aQ,https://s3-media2.fl.yelpcdn.com/bphoto/YIKx8gyUaPA1yMFqS4IKVw/o.jpg,False,"{'address1': '1426 E 22nd Ave', 'address2': None, 'address3': '', 'city': 'Denver', 'zip_code': '80205', 'country': 'US', 'state': 'CO', 'display_address': ['1426 E 22nd Ave', 'Denver, CO 80205']}",Scoops,+13038303198,,5.0,21,"['delivery', 'pickup']",https://www.yelp.com/biz/scoops-denver?adjust_creative=aRVAoRVyM2B_4sfVQIy4Yw&utm_campaign=yelp_api_v3&utm_medium=api_v3_business_search&utm_source=aRVAoRVyM2B_4sfVQIy4Yw
little-owl-coffee-denver,"[{'alias': 'coffee', 'title': 'Coffee & Tea'}]","{'latitude': 39.7505164957921, 'longitude': -104.999718748432}",(720) 328-5574,3021.4824215813915,heaStxibj5y6IIuwuXeNSA,https://s3-media4.fl.yelpcdn.com/bphoto/L14MabdxIQPvzwNpVzPXPQ/o.jpg,False,"{'address1': '1555 Blake St', 'address2': 'Ste 150', 'address3': '', 'city': 'Denver', 'zip_code': '80202', 'country': 'US', 'state': 'CO', 'display_address': ['1555 Blake St', 'Ste 150', 'Denver, CO 80202']}",Little Owl Coffee,+17203285574,$$,4.5,318,[],https://www.yelp.com/biz/little-owl-coffee-denver?adjust_creative=aRVAoRVyM2B_4sfVQIy4Yw&utm_campaign=yelp_api_v3&utm_medium=api_v3_business_search&utm_source=aRVAoRVyM2B_4sfVQIy4Yw
spinellis-market-denver-2,"[{'alias': 'coffee', 'title': 'Coffee & Tea'}, {'alias': 'icecream', 'title': 'Ice Cream & Frozen Yogurt'}, {'alias': 'bakeries', 'title': 'Bakeries'}]","{'latitude': 39.7509299, 'longitude': -104.93309}",(720) 242-6048,3605.6057343888233,GCjm3C3WtT8FSLxKwxqvMw,https://s3-media3.fl.yelpcdn.com/bphoto/tq0RRggjAl5lRpYviGN9Hg/o.jpg,False,"{'address1': '4628 E 23rd Ave', 'address2': '', 'address3': '', 'city': 'Denver', 'zip_code': '80207', 'country': 'US', 'state': 'CO', 'display_address': ['4628 E 23rd Ave', 'Denver, CO 80207']}",Spinelli's Market,+17202426048,$$,4.0,44,['pickup'],https://www.yelp.com/biz/spinellis-market-denver-2?adjust_creative=aRVAoRVyM2B_4sfVQIy4Yw&utm_campaign=yelp_api_v3&utm_medium=api_v3_business_search&utm_source=aRVAoRVyM2B_4sfVQIy4Yw
the-molecule-effect-denver,"[{'alias': 'beer_and_wine', 'title': 'Beer, Wine & Spirits'}, {'alias': 'coffee', 'title': 'Coffee & Tea'}]","{'latitude': 39.735495, 'longitude': -104.9989171}",(720) 502-6966,2451.6994544237673,akR89Up3pBX8bTyhj0iFtQ,https://s3-media3.fl.yelpcdn.com/bphoto/vT75QoOuPdWmoIi_RILZaA/o.jpg,False,"{'address1': '1201 Santa Fe Dr', 'address2': 'Ste A', 'address3': '', 'city': 'Denver', 'zip_code': '80204', 'country': 'US', 'state': 'CO', 'display_address': ['1201 Santa Fe Dr', 'Ste A', 'Denver, CO 80204']}",The Molecule Effect,+17205026966,$$,4.5,216,[],https://www.yelp.com/biz/the-molecule-effect-denver?adjust_creative=aRVAoRVyM2B_4sfVQIy4Yw&utm_campaign=yelp_api_v3&utm_medium=api_v3_business_search&utm_source=aRVAoRVyM2B_4sfVQIy4Yw
sweet-cooies-denver-2,"[{'alias': 'icecream', 'title': 'Ice Cream & Frozen Yogurt'}, {'alias': 'chocolate', 'title': 'Chocolatiers & Shops'}]","{'latitude': 39.7349, 'longitude': -104.9458499}",(720) 550-7140,2088.436677000748,A1OlzeaFALKUnCf8ByeGBA,https://s3-media3.fl.yelpcdn.com/bphoto/fyeIc0NJGtWTcpwBeauppg/o.jpg,False,"{'address1': '3506 E 12th Ave', 'address2': '', 'address3': None, 'city': 'Denver', 'zip_code': '80206', 'country': 'US', 'state': 'CO', 'display_address': ['3506 E 12th Ave', 'Denver, CO 80206']}",Sweet Cooie's,+17205507140,$,4.5,169,[],https://www.yelp.com/biz/sweet-cooies-denver-2?adjust_creative=aRVAoRVyM2B_4sfVQIy4Yw&utm_campaign=yelp_api_v3&utm_medium=api_v3_business_search&utm_source=aRVAoRVyM2B_4sfVQIy4Yw
ice-cream-riot-colfax-denver-2,"[{'alias': 'icecream', 'title': 'Ice Cream & Frozen Yogurt'}]","{'latitude': 39.739716, 'longitude': -104.971115}",(720) 475-1853,474.94442880705907,R7uGn6bW159pqugCXlCavw,https://s3-media3.fl.yelpcdn.com/bphoto/HcFY88paT8QN2AXpPu0t1A/o.jpg,False,"{'address1': '1238 E Colfax Ave', 'address2': None, 'address3': '', 'city': 'Denver', 'zip_code': '80218', 'country': 'US', 'state': 'CO', 'display_address': ['1238 E Colfax Ave', 'Denver, CO 80218']}",Ice Cream Riot - Colfax,+17204751853,$,4.0,287,"['delivery', 'pickup']",https://www.yelp.com/biz/ice-cream-riot-colfax-denver-2?adjust_creative=aRVAoRVyM2B_4sfVQIy4Yw&utm_campaign=yelp_api_v3&utm_medium=api_v3_business_search&utm_source=aRVAoRVyM2B_4sfVQIy4Yw
rocket-ice-cream-denver,"[{'alias': 'icecream', 'title': 'Ice Cream & Frozen Yogurt'}]","{'latitude': 39.7198859216665, 'longitude': -104.896076917648}",(303) 366-0114,6576.8454424514275,2qR88L6XlayieXOOJ6aqmA,https://s3-media4.fl.yelpcdn.com/bphoto/IvIQ_KB-EmsYllh4r-Hq9A/o.jpg,False,"{'address1': '7557 E Academy Blvd', 'address2': '', 'address3': None, 'city': 'Denver', 'zip_code': '80230', 'country': 'US', 'state': 'CO', 'display_address': ['7557 E Academy Blvd', 'Denver, CO 80230']}",Rocket Ice Cream,+13033660114,$,3.5,28,[],https://www.yelp.com/biz/rocket-ice-cream-denver?adjust_creative=aRVAoRVyM2B_4sfVQIy4Yw&utm_campaign=yelp_api_v3&utm_medium=api_v3_business_search&utm_source=aRVAoRVyM2B_4sfVQIy4Yw
carbon-cafe-and-bar-denver-2,"[{'alias': 'cafes', 'title': 'Cafes'}, {'alias': 'newamerican', 'title': 'American (New)'}, {'alias': 'cocktailbars', 'title': 'Cocktail Bars'}]","{'latitude': 39.757345, 'longitude': -105.008493}",(720) 428-8565,4071.8736803124034,L2gERQZqsalywlUuc7w6XQ,https://s3-media2.fl.yelpcdn.com/bphoto/qYLrTmpWzjXEcWD7H4b2kA/o.jpg,False,"{'address1': '1553 Platte St', 'address2': 'Ste 130', 'address3': '', 'city': 'Denver', 'zip_code': '80202', 'country': 'US', 'state': 'CO', 'display_address': ['1553 Platte St', 'Ste 130', 'Denver, CO 80202']}",Carbon Cafe & Bar,+17204288565,$$,4.0,288,"['delivery', 'pickup']",https://www.yelp.com/biz/carbon-cafe-and-bar-denver-2?adjust_creative=aRVAoRVyM2B_4sfVQIy4Yw&utm_campaign=yelp_api_v3&utm_medium=api_v3_business_search&utm_source=aRVAoRVyM2B_4sfVQIy4Yw
frozen-spirals-westminster-2,"[{'alias': 'icecream', 'title': 'Ice Cream & Frozen Yogurt'}]","{'latitude': 39.8283809227768, 'longitude': -105.052297190144}",(303) 395-9822,12480.781096742903,jRjG9oqtiNN2KOtTWf7PeQ,https://s3-media4.fl.yelpcdn.com/bphoto/ZUlgiFyQ2kTtt1uNtSBtrw/o.jpg,False,"{'address1': '5055 W 72nd Ave', 'address2': 'Unit F', 'address3': None, 'city': 'Westminster', 'zip_code': '80030', 'country': 'US', 'state': 'CO', 'display_address': ['5055 W 72nd Ave', 'Unit F', 'Westminster, CO 80030']}",Frozen Spirals,+13033959822,$,4.5,67,[],https://www.yelp.com/biz/frozen-spirals-westminster-2?adjust_creative=aRVAoRVyM2B_4sfVQIy4Yw&utm_campaign=yelp_api_v3&utm_medium=api_v3_business_search&utm_source=aRVAoRVyM2B_4sfVQIy4Yw
glacier-home-made-ice-cream-and-gelato-denver,"[{'alias': 'icecream', 'title': 'Ice Cream & Frozen Yogurt'}, {'alias': 'gelato', 'title': 'Gelato'}]","{'latitude': 39.72074, 'longitude': -104.90256}",(720) 496-1181,6108.709767133618,7dmrKv-zHemax6oBLv5F4g,https://s3-media4.fl.yelpcdn.com/bphoto/CQ5NCtDLK7vmK-6WLALxEA/o.jpg,False,"{'address1': '200 Quebec St', 'address2': 'Bldg 300', 'address3': '', 'city': 'Denver', 'zip_code': '80230', 'country': 'US', 'state': 'CO', 'display_address': ['200 Quebec St', 'Bldg 300', 'Denver, CO 80230']}",Glacier Home-made Ice Cream & Gelato,+17204961181,$$,4.0,34,[],https://www.yelp.com/biz/glacier-home-made-ice-cream-and-gelato-denver?adjust_creative=aRVAoRVyM2B_4sfVQIy4Yw&utm_campaign=yelp_api_v3&utm_medium=api_v3_business_search&utm_source=aRVAoRVyM2B_4sfVQIy4Yw
mc2-ice-cream-broomfield-2,"[{'alias': 'icecream', 'title': 'Ice Cream & Frozen Yogurt'}, {'alias': 'desserts', 'title': 'Desserts'}, {'alias': 'foodtrucks', 'title': 'Food Trucks'}]","{'latitude': 39.9059, 'longitude': -105.0874}",(720) 600-3054,21396.88242291184,BlkmqYpo-vlR933FnCixcg,https://s3-media1.fl.yelpcdn.com/bphoto/zcCWpaEkHrWIKlodcnK3Zg/o.jpg,False,"{'address1': '8001 Arista Pl', 'address2': 'Ste 125', 'address3': '', 'city': 'Broomfield', 'zip_code': '80021', 'country': 'US', 'state': 'CO', 'display_address': ['8001 Arista Pl', 'Ste 125', 'Broomfield, CO 80021']}",Mc2 Ice Cream,+17206003054,,5.0,8,"['delivery', 'pickup']",https://www.yelp.com/biz/mc2-ice-cream-broomfield-2?adjust_creative=aRVAoRVyM2B_4sfVQIy4Yw&utm_campaign=yelp_api_v3&utm_medium=api_v3_business_search&utm_source=aRVAoRVyM2B_4sfVQIy4Yw
bonnie-brae-ice-cream-denver,"[{'alias': 'icecream', 'title': 'Ice Cream & Frozen Yogurt'}]","{'latitude': 39.7021859155782, 'longitude': -104.959527633948}",(303) 777-0808,3818.7036592544155,eat1Usuqf9qTthgZuDSNrQ,https://s3-media4.fl.yelpcdn.com/bphoto/ODuKhX0p7CKVkRagR7_5LA/o.jpg,False,"{'address1': '799 S University Blvd', 'address2': '', 'address3': '', 'city': 'Denver', 'zip_code': '80209', 'country': 'US', 'state': 'CO', 'display_address': ['799 S University Blvd', 'Denver, CO 80209']}",Bonnie Brae Ice Cream,+13037770808,$,4.0,372,[],https://www.yelp.com/biz/bonnie-brae-ice-cream-denver?adjust_creative=aRVAoRVyM2B_4sfVQIy4Yw&utm_campaign=yelp_api_v3&utm_medium=api_v3_business_search&utm_source=aRVAoRVyM2B_4sfVQIy4Yw
ems-ice-cream-denver-3,"[{'alias': 'icecream', 'title': 'Ice Cream & Frozen Yogurt'}, {'alias': 'foodtrucks', 'title': 'Food Trucks'}]","{'latitude': 39.75716, 'longitude': -104.9284}",(617) 388-5349,4308.5605861826725,dlDkFFNvx7rcSEZzLC7C4w,https://s3-media2.fl.yelpcdn.com/bphoto/qg-YLuYiAo6e51es9egZJA/o.jpg,False,"{'address1': '2829 Fairfax St', 'address2': None, 'address3': '', 'city': 'Denver', 'zip_code': '80207', 'country': 'US', 'state': 'CO', 'display_address': ['2829 Fairfax St', 'Denver, CO 80207']}",Em's Ice Cream,+16173885349,,4.5,17,"['delivery', 'pickup']",https://www.yelp.com/biz/ems-ice-cream-denver-3?adjust_creative=aRVAoRVyM2B_4sfVQIy4Yw&utm_campaign=yelp_api_v3&utm_medium=api_v3_business_search&utm_source=aRVAoRVyM2B_4sfVQIy4Yw
neveria-la-mexicana-denver-2,"[{'alias': 'icecream', 'title': 'Ice Cream & Frozen Yogurt'}]","{'latitude': 39.7672365447761, 'longitude': -104.901566333309}",(303) 322-0461,6848.868292141674,F1to92g8ngcQjuR5usuQcA,https://s3-media2.fl.yelpcdn.com/bphoto/EylpOzAajVK6Kx39mVliZw/o.jpg,False,"{'address1': '7506 East 36th Ave', 'address2': 'Ste 33', 'address3': None, 'city': 'Denver', 'zip_code': '80238', 'country': 'US', 'state': 'CO', 'display_address': ['7506 East 36th Ave', 'Ste 33', 'Denver, CO 80238']}",Neveria La Mexicana,+13033220461,$,4.5,46,[],https://www.yelp.com/biz/neveria-la-mexicana-denver-2?adjust_creative=aRVAoRVyM2B_4sfVQIy4Yw&utm_campaign=yelp_api_v3&utm_medium=api_v3_business_search&utm_source=aRVAoRVyM2B_4sfVQIy4Yw
magills-world-of-ice-cream-lakewood,"[{'alias': 'icecream', 'title': 'Ice Cream & Frozen Yogurt'}]","{'latitude': 39.6821752935648, 'longitude': -105.085563585162}",(303) 986-9968,11499.797241359565,k4QQHgoBNZ5Iy8x3-EWhyA,https://s3-media2.fl.yelpcdn.com/bphoto/ja1oped9lxFbG8LamVua0g/o.jpg,False,"{'address1': '8016 W Jewell Ave', 'address2': '', 'address3': '', 'city': 'Lakewood', 'zip_code': '80232', 'country': 'US', 'state': 'CO', 'display_address': ['8016 W Jewell Ave', 'Lakewood, CO 80232']}",Magill's World of Ice Cream,+13039869968,$,4.5,108,[],https://www.yelp.com/biz/magills-world-of-ice-cream-lakewood?adjust_creative=aRVAoRVyM2B_4sfVQIy4Yw&utm_campaign=yelp_api_v3&utm_medium=api_v3_business_search&utm_source=aRVAoRVyM2B_4sfVQIy4Yw
las-fresas-aurora-7,"[{'alias': 'mexican', 'title': 'Mexican'}, {'alias': 'icecream', 'title': 'Ice Cream & Frozen Yogurt'}]","{'latitude': 39.7471023222976, 'longitude': -104.875418543816}",(303) 954-9172,8209.458584859121,PMF1v9xvYMJhX_XN-sUVww,https://s3-media4.fl.yelpcdn.com/bphoto/SBxliwNv_EQih6s0nebWtw/o.jpg,False,"{'address1': '9698 E Montview Blvd', 'address2': '', 'address3': None, 'city': 'Aurora', 'zip_code': '80010', 'country': 'US', 'state': 'CO', 'display_address': ['9698 E Montview Blvd', 'Aurora, CO 80010']}",Las Fresas,+13039549172,,5.0,1,"['delivery', 'pickup']",https://www.yelp.com/biz/las-fresas-aurora-7?adjust_creative=aRVAoRVyM2B_4sfVQIy4Yw&utm_campaign=yelp_api_v3&utm_medium=api_v3_business_search&utm_source=aRVAoRVyM2B_4sfVQIy4Yw
insomnia-cookies-denver,"[{'alias': 'desserts', 'title': 'Desserts'}, {'alias': 'icecream', 'title': 'Ice Cream & Frozen Yogurt'}]","{'latitude': 39.67914, 'longitude': -104.95976}",(877) 632-6654,6331.673111035376,cwcdHOevbM3sM-ljb-c0rA,https://s3-media2.fl.yelpcdn.com/bphoto/x-Lq9MOVowi9gfhvNB_Dtg/o.jpg,False,"{'address1': '2075 S University Blvd', 'address2': 'Unit D', 'address3': None, 'city': 'Denver', 'zip_code': '80210', 'country': 'US', 'state': 'CO', 'display_address': ['2075 S University Blvd', 'Unit D', 'Denver, CO 80210']}",Insomnia Cookies,+18776326654,$$$,4.0,70,[],https://www.yelp.com/biz/insomnia-cookies-denver?adjust_creative=aRVAoRVyM2B_4sfVQIy4Yw&utm_campaign=yelp_api_v3&utm_medium=api_v3_business_search&utm_source=aRVAoRVyM2B_4sfVQIy4Yw
quinceessential-coffee-house-denver-2,"[{'alias': 'coffee', 'title': 'Coffee & Tea'}]","{'latitude': 39.7396278, 'longitude': -104.9024811}",(303) 955-2479,5802.417022007839,P0n4MC73KGI-pHVcAJi-gA,https://s3-media4.fl.yelpcdn.com/bphoto/9hBysDsXo_uPYo4SlP42pQ/o.jpg,False,"{'address1': '1447 Quince St', 'address2': '', 'address3': '', 'city': 'Denver', 'zip_code': '80220', 'country': 'US', 'state': 'CO', 'display_address': ['1447 Quince St', 'Denver, CO 80220']}",QuinceEssential Coffee House,+13039552479,$,5.0,278,[],https://www.yelp.com/biz/quinceessential-coffee-house-denver-2?adjust_creative=aRVAoRVyM2B_4sfVQIy4Yw&utm_campaign=yelp_api_v3&utm_medium=api_v3_business_search&utm_source=aRVAoRVyM2B_4sfVQIy4Yw
hudson-hill-denver,"[{'alias': 'cocktailbars', 'title': 'Cocktail Bars'}, {'alias': 'wine_bars', 'title': 'Wine Bars'}, {'alias': 'coffee', 'title': 'Coffee & Tea'}]","{'latitude': 39.73695, 'longitude': -104.97937}",(303) 832-0776,800.8200987535582,uOgwMiqcxqkHl8z4mkFPkQ,https://s3-media3.fl.yelpcdn.com/bphoto/3t5oL5WxnDtd0PsMod3Enw/o.jpg,False,"{'address1': '619 E 13th Ave', 'address2': '', 'address3': '', 'city': 'Denver', 'zip_code': '80203', 'country': 'US', 'state': 'CO', 'display_address': ['619 E 13th Ave', 'Denver, CO 80203']}",Hudson Hill,+13038320776,$$,4.5,190,[],https://www.yelp.com/biz/hudson-hill-denver?adjust_creative=aRVAoRVyM2B_4sfVQIy4Yw&utm_campaign=yelp_api_v3&utm_medium=api_v3_business_search&utm_source=aRVAoRVyM2B_4sfVQIy4Yw
inside-scoop-creamery-denver-2,"[{'alias': 'icecream', 'title': 'Ice Cream & Frozen Yogurt'}, {'alias': 'soup', 'title': 'Soup'}, {'alias': 'donuts', 'title': 'Donuts'}]","{'latitude': 39.75721, 'longitude': -105.00874}",(303) 798-4768,4070.6975443270235,6mDQWGxB4v4IwJ1fGTIz7g,https://s3-media4.fl.yelpcdn.com/bphoto/nzKJhYVFKLq4VNACI-KyXg/o.jpg,False,"{'address1': '1535 Platte St', 'address2': '', 'address3': '', 'city': 'Denver', 'zip_code': '80202', 'country': 'US', 'state': 'CO', 'display_address': ['1535 Platte St', 'Denver, CO 80202']}",Inside Scoop Creamery,+13037984768,$,4.5,136,[],https://www.yelp.com/biz/inside-scoop-creamery-denver-2?adjust_creative=aRVAoRVyM2B_4sfVQIy4Yw&utm_campaign=yelp_api_v3&utm_medium=api_v3_business_search&utm_source=aRVAoRVyM2B_4sfVQIy4Yw
ice-cream-las-mariposas-aurora,"[{'alias': 'icecream', 'title': 'Ice Cream & Frozen Yogurt'}, {'alias': 'candy', 'title': 'Candy Stores'}]","{'latitude': 39.673999786377, 'longitude': -104.807960510254}",(303) 745-3382,15488.68657984112,CPixiDBoX2vcRKy9x89bUw,https://s3-media3.fl.yelpcdn.com/bphoto/VrG7W0sHnwxZvS_N8bvP1Q/o.jpg,False,"{'address1': '2300 S Chambers Rd', 'address2': 'Unit H', 'address3': None, 'city': 'Aurora', 'zip_code': '80014', 'country': 'US', 'state': 'CO', 'display_address': ['2300 S Chambers Rd', 'Unit H', 'Aurora, CO 80014']}",Ice  Cream Las Mariposas,+13037453382,,5.0,4,[],https://www.yelp.com/biz/ice-cream-las-mariposas-aurora?adjust_creative=aRVAoRVyM2B_4sfVQIy4Yw&utm_campaign=yelp_api_v3&utm_medium=api_v3_business_search&utm_source=aRVAoRVyM2B_4sfVQIy4Yw
cream-lakewood,"[{'alias': 'icecream', 'title': 'Ice Cream & Frozen Yogurt'}, {'alias': 'desserts', 'title': 'Desserts'}]","{'latitude': 39.7093449, 'longitude': -105.0789793}",(720) 535-8698,9750.354181786288,s9GfH4goGtalgaFH-28wjw,https://s3-media4.fl.yelpcdn.com/bphoto/oKfbVrkn9stFIMdzTKIbZQ/o.jpg,False,"{'address1': '7357 W Alaska Dr', 'address2': None, 'address3': '', 'city': 'Lakewood', 'zip_code': '80226', 'country': 'US', 'state': 'CO', 'display_address': ['7357 W Alaska Dr', 'Lakewood, CO 80226']}",CREAM,+17205358698,$,4.0,66,"['delivery', 'pickup']",https://www.yelp.com/biz/cream-lakewood?adjust_creative=aRVAoRVyM2B_4sfVQIy4Yw&utm_campaign=yelp_api_v3&utm_medium=api_v3_business_search&utm_source=aRVAoRVyM2B_4sfVQIy4Yw
spur-coffee-denver-5,"[{'alias': 'coffee', 'title': 'Coffee & Tea'}, {'alias': 'bakeries', 'title': 'Bakeries'}]","{'latitude': 39.7182552498891, 'longitude': -104.986524297131}",(303) 309-0147,2371.7895109015476,JxZ6KWBpSsedYE9Mq0baug,https://s3-media1.fl.yelpcdn.com/bphoto/OfGsx6bs4-u1b1uLzaV9lw/o.jpg,False,"{'address1': '95 N Lincoln St', 'address2': None, 'address3': '', 'city': 'Denver', 'zip_code': '80203', 'country': 'US', 'state': 'CO', 'display_address': ['95 N Lincoln St', 'Denver, CO 80203']}",Spur Coffee,+13033090147,$,4.5,174,[],https://www.yelp.com/biz/spur-coffee-denver-5?adjust_creative=aRVAoRVyM2B_4sfVQIy4Yw&utm_campaign=yelp_api_v3&utm_medium=api_v3_business_search&utm_source=aRVAoRVyM2B_4sfVQIy4Yw
gelato-boy-denver-2,"[{'alias': 'gelato', 'title': 'Gelato'}, {'alias': 'icecream', 'title': 'Ice Cream & Frozen Yogurt'}]","{'latitude': 39.76924, 'longitude': -104.97717}",,3795.4694893938363,AFldAJCF3e7BgK2DHVObWg,https://s3-media2.fl.yelpcdn.com/bphoto/m4O2rDBufash8VViirq6Lw/o.jpg,False,"{'address1': '3501 Wazee St', 'address2': '', 'address3': None, 'city': 'Denver', 'zip_code': '80216', 'country': 'US', 'state': 'CO', 'display_address': ['3501 Wazee St', 'Denver, CO 80216']}",Gelato Boy,,,4.5,16,[],https://www.yelp.com/biz/gelato-boy-denver-2?adjust_creative=aRVAoRVyM2B_4sfVQIy4Yw&utm_campaign=yelp_api_v3&utm_medium=api_v3_business_search&utm_source=aRVAoRVyM2B_4sfVQIy4Yw
amore-gelato-and-crepes-denver-2,"[{'alias': 'creperies', 'title': 'Creperies'}, {'alias': 'desserts', 'title': 'Desserts'}, {'alias': 'gelato', 'title': 'Gelato'}]","{'latitude': 39.7444359, 'longitude': -104.9909603}",(303) 825-0609,2028.7347412184108,_55tKBy_AaNHAB8dPYXSaA,https://s3-media1.fl.yelpcdn.com/bphoto/M5RgrDywPurTRgbXmPGDSQ/o.jpg,False,"{'address1': '535 16th St', 'address2': '', 'address3': '', 'city': 'Denver', 'zip_code': '80202', 'country': 'US', 'state': 'CO', 'display_address': ['535 16th St', 'Denver, CO 80202']}",Amore Gelato & Crepes,+13038250609,$,4.0,152,"['delivery', 'pickup']",https://www.yelp.com/biz/amore-gelato-and-crepes-denver-2?adjust_creative=aRVAoRVyM2B_4sfVQIy4Yw&utm_campaign=yelp_api_v3&utm_medium=api_v3_business_search&utm_source=aRVAoRVyM2B_4sfVQIy4Yw
los-mangos-denver,"[{'alias': 'icecream', 'title': 'Ice Cream & Frozen Yogurt'}]","{'latitude': 39.6999737620354, 'longitude': -105.025031492114}",(303) 922-6285,6130.603428533266,IsZJK2NuuZ3IgAOYDOBUVg,https://s3-media2.fl.yelpcdn.com/bphoto/TSyoickDnfHMMt0FHhzV9w/o.jpg,False,"{'address1': '920 S Federal Blvd', 'address2': '', 'address3': None, 'city': 'Denver', 'zip_code': '80219', 'country': 'US', 'state': 'CO', 'display_address': ['920 S Federal Blvd', 'Denver, CO 80219']}",Los Mangos,+13039226285,$,4.5,21,"['delivery', 'pickup']",https://www.yelp.com/biz/los-mangos-denver?adjust_creative=aRVAoRVyM2B_4sfVQIy4Yw&utm_campaign=yelp_api_v3&utm_medium=api_v3_business_search&utm_source=aRVAoRVyM2B_4sfVQIy4Yw
chocolate-lab-denver,"[{'alias': 'chocolate', 'title': 'Chocolatiers & Shops'}, {'alias': 'cocktailbars', 'title': 'Cocktail Bars'}, {'alias': 'newamerican', 'title': 'American (New)'}]","{'latitude': 39.7401452064514, 'longitude': -104.957173615694}",(720) 536-5037,1230.1676949278337,GLx-pLq2Hvt_lLWIwGdT7A,https://s3-media2.fl.yelpcdn.com/bphoto/jKH_nZtxZbhVSoIil5bkzw/o.jpg,False,"{'address1': '2504 E Colfax Ave', 'address2': '', 'address3': None, 'city': 'Denver', 'zip_code': '80206', 'country': 'US', 'state': 'CO', 'display_address': ['2504 E Colfax Ave', 'Denver, CO 80206']}",Chocolate Lab,+17205365037,$$,4.5,157,"['pickup', 'delivery', 'restaurant_reservation']",https://www.yelp.com/biz/chocolate-lab-denver?adjust_creative=aRVAoRVyM2B_4sfVQIy4Yw&utm_campaign=yelp_api_v3&utm_medium=api_v3_business_search&utm_source=aRVAoRVyM2B_4sfVQIy4Yw
doppio-coffee-denver,"[{'alias': 'coffee', 'title': 'Coffee & Tea'}, {'alias': 'breakfast_brunch', 'title': 'Breakfast & Brunch'}, {'alias': 'sandwiches', 'title': 'Sandwiches'}]","{'latitude': 39.7402, 'longitude': -104.97129}",(303) 537-7794,539.8171882096158,MWFGHr6NOg7pAoLgbgFdsQ,https://s3-media3.fl.yelpcdn.com/bphoto/Y3nLL8rizY1-z7_PG6ja0A/o.jpg,False,"{'address1': '1245 E Colfax Ave', 'address2': 'Ste 105', 'address3': '', 'city': 'Denver', 'zip_code': '80218', 'country': 'US', 'state': 'CO', 'display_address': ['1245 E Colfax Ave', 'Ste 105', 'Denver, CO 80218']}",Doppio Coffee,+13035377794,,5.0,43,"['delivery', 'pickup']",https://www.yelp.com/biz/doppio-coffee-denver?adjust_creative=aRVAoRVyM2B_4sfVQIy4Yw&utm_campaign=yelp_api_v3&utm_medium=api_v3_business_search&utm_source=aRVAoRVyM2B_4sfVQIy4Yw
st-marks-coffee-house-denver,"[{'alias': 'coffee', 'title': 'Coffee & Tea'}]","{'latitude': 39.74336, 'longitude': -104.96291}",(303) 322-8384,1081.5598136759568,a-95eWv7z9K4XLBT92FPUA,https://s3-media4.fl.yelpcdn.com/bphoto/iWhsPC_Z0L8hdBvxoSLRjg/o.jpg,False,"{'address1': '2019 E 17th Ave', 'address2': '', 'address3': '', 'city': 'Denver', 'zip_code': '80206', 'country': 'US', 'state': 'CO', 'display_address': ['2019 E 17th Ave', 'Denver, CO 80206']}",St. Marks Coffee House,+13033228384,$,3.5,304,[],https://www.yelp.com/biz/st-marks-coffee-house-denver?adjust_creative=aRVAoRVyM2B_4sfVQIy4Yw&utm_campaign=yelp_api_v3&utm_medium=api_v3_business_search&utm_source=aRVAoRVyM2B_4sfVQIy4Yw
coffee-at-the-point-denver,"[{'alias': 'coffee', 'title': 'Coffee & Tea'}]","{'latitude': 39.7544751, 'longitude': -104.9775155}",(303) 955-2237,2202.3117957359004,snCTFBojG9WVoPCQxJRCGw,https://s3-media1.fl.yelpcdn.com/bphoto/G3Y3th4VJKyhhy0kOC30HA/o.jpg,False,"{'address1': '710 E 26th Ave', 'address2': '', 'address3': '', 'city': 'Denver', 'zip_code': '80205', 'country': 'US', 'state': 'CO', 'display_address': ['710 E 26th Ave', 'Denver, CO 80205']}",Coffee at The Point,+13039552237,$$,4.0,147,[],https://www.yelp.com/biz/coffee-at-the-point-denver?adjust_creative=aRVAoRVyM2B_4sfVQIy4Yw&utm_campaign=yelp_api_v3&utm_medium=api_v3_business_search&utm_source=aRVAoRVyM2B_4sfVQIy4Yw
milkbox-ice-creamery-denver,"[{'alias': 'icecream', 'title': 'Ice Cream & Frozen Yogurt'}]","{'latitude': 39.75305, 'longitude': -104.99995}",(720) 460-3707,3216.358548331235,hXThLdn0K0EmuwgJ_mQ-yA,https://s3-media2.fl.yelpcdn.com/bphoto/I9jDZ97WRn5n2QR8ORt-Ew/o.jpg,False,"{'address1': '1701 Wynkoop St', 'address2': '', 'address3': '', 'city': 'Denver', 'zip_code': '80202', 'country': 'US', 'state': 'CO', 'display_address': ['1701 Wynkoop St', 'Denver, CO 80202']}",Milkbox Ice Creamery,+17204603707,$,4.0,228,[],https://www.yelp.com/biz/milkbox-ice-creamery-denver?adjust_creative=aRVAoRVyM2B_4sfVQIy4Yw&utm_campaign=yelp_api_v3&utm_medium=api_v3_business_search&utm_source=aRVAoRVyM2B_4sfVQIy4Yw
blue-sparrow-coffee-denver,"[{'alias': 'coffee', 'title': 'Coffee & Tea'}]","{'latitude': 39.764418, 'longitude': -104.981097}",(720) 593-0180,3344.099197243606,-tcQ56G-XyaYagVCpWi1nQ,https://s3-media2.fl.yelpcdn.com/bphoto/JTBlyVKVt5NDgmAD1PzPhg/o.jpg,False,"{'address1': '3070 Blake St', 'address2': 'Unit 180', 'address3': '', 'city': 'Denver', 'zip_code': '80205', 'country': 'US', 'state': 'CO', 'display_address': ['3070 Blake St', 'Unit 180', 'Denver, CO 80205']}",Blue Sparrow Coffee,+17205930180,$,5.0,92,[],https://www.yelp.com/biz/blue-sparrow-coffee-denver?adjust_creative=aRVAoRVyM2B_4sfVQIy4Yw&utm_campaign=yelp_api_v3&utm_medium=api_v3_business_search&utm_source=aRVAoRVyM2B_4sfVQIy4Yw
novo-coffee-denver-7,"[{'alias': 'coffee', 'title': 'Coffee & Tea'}]","{'latitude': 39.762174859643, 'longitude': -105.034885928035}",(303) 749-0100,6286.00463453625,-bQsZ1dFawE9s767E7H_2w,https://s3-media2.fl.yelpcdn.com/bphoto/i-_6BSEUKn6iNDm8Hzm62w/o.jpg,False,"{'address1': '3617 W 32nd Ave', 'address2': '', 'address3': '', 'city': 'Denver', 'zip_code': '80211', 'country': 'US', 'state': 'CO', 'display_address': ['3617 W 32nd Ave', 'Denver, CO 80211']}",Novo Coffee,+13037490100,$$,4.0,96,[],https://www.yelp.com/biz/novo-coffee-denver-7?adjust_creative=aRVAoRVyM2B_4sfVQIy4Yw&utm_campaign=yelp_api_v3&utm_medium=api_v3_business_search&utm_source=aRVAoRVyM2B_4sfVQIy4Yw
walia-creamery-denver,"[{'alias': 'icecream', 'title': 'Ice Cream & Frozen Yogurt'}]","{'latitude': 39.73354, 'longitude': -104.89912}",(303) 993-4654,6075.334948051488,MfpixFs50KwU_3YnpSddxA,https://s3-media2.fl.yelpcdn.com/bphoto/L9GDZJXN-Nw-ZMpMRwrlIA/o.jpg,False,"{'address1': '1119 Syracuse St', 'address2': None, 'address3': '', 'city': 'Denver', 'zip_code': '80220', 'country': 'US', 'state': 'CO', 'display_address': ['1119 Syracuse St', 'Denver, CO 80220']}",Walia Creamery,+13039934654,,5.0,5,[],https://www.yelp.com/biz/walia-creamery-denver?adjust_creative=aRVAoRVyM2B_4sfVQIy4Yw&utm_campaign=yelp_api_v3&utm_medium=api_v3_business_search&utm_source=aRVAoRVyM2B_4sfVQIy4Yw
coaches-scoop-frozen-desserts-denver,"[{'alias': 'icecream', 'title': 'Ice Cream & Frozen Yogurt'}, {'alias': 'streetvendors', 'title': 'Street Vendors'}]","{'latitude': 39.752498626709, 'longitude': -104.998573303223}",(307) 760-5648,3292.031921569482,DZW0LI4VYajWbRACHh9mlg,https://s3-media4.fl.yelpcdn.com/bphoto/aOj7lgltEe0hN7PLh8H-6g/o.jpg,False,"{'address1': '', 'address2': '', 'address3': '', 'city': 'Denver', 'zip_code': '80202', 'country': 'US', 'state': 'CO', 'display_address': ['Denver, CO 80202']}",Coaches Scoop Frozen Desserts,+13077605648,$,4.5,9,[],https://www.yelp.com/biz/coaches-scoop-frozen-desserts-denver?adjust_creative=aRVAoRVyM2B_4sfVQIy4Yw&utm_campaign=yelp_api_v3&utm_medium=api_v3_business_search&utm_source=aRVAoRVyM2B_4sfVQIy4Yw
5280-ice-cream-denver,"[{'alias': 'icecream', 'title': 'Ice Cream & Frozen Yogurt'}, {'alias': 'bars', 'title': 'Bars'}, {'alias': 'burgers', 'title': 'Burgers'}]","{'latitude': 39.7434270061643, 'longitude': -104.990775881485}",(303) 825-1020,1963.1087350689877,GH-kKjssaCzpTuU-vaub2w,https://s3-media4.fl.yelpcdn.com/bphoto/r7YuplDy7jEi2VhiKjG7Eg/o.jpg,False,"{'address1': '500 16th St', 'address2': '', 'address3': '', 'city': 'Denver', 'zip_code': '80202', 'country': 'US', 'state': 'CO', 'display_address': ['500 16th St', 'Denver, CO 80202']}",5280 Ice Cream,+13038251020,$,4.0,126,[],https://www.yelp.com/biz/5280-ice-cream-denver?adjust_creative=aRVAoRVyM2B_4sfVQIy4Yw&utm_campaign=yelp_api_v3&utm_medium=api_v3_business_search&utm_source=aRVAoRVyM2B_4sfVQIy4Yw
