alias,categories,coordinates,display_phone,distance,id,image_url,is_closed,location,name,phone,price,rating,review_count,transactions,url
bing-haus-san-diego-2,"[{'alias': 'coffee', 'title': 'Coffee & Tea'}, {'alias': 'icecream', 'title': 'Ice Cream & Frozen Yogurt'}, {'alias': 'shavedsnow', 'title': 'Shaved Snow'}]","{'latitude': 32.82051, 'longitude': -117.15452}",(858) 276-9479,3356.6721453660284,5N4IL3STKzzO2BJ5m1gXtg,https://s3-media1.fl.yelpcdn.com/bphoto/01uZNvw9stVUWOXpA7_BJg/o.jpg,False,"{'address1': '4425 Convoy St', 'address2': 'Ste 216', 'address3': '', 'city': 'San Diego', 'zip_code': '92111', 'country': 'US', 'state': 'CA', 'display_address': ['4425 Convoy St', 'Ste 216', 'San Diego, CA 92111']}",Bing Haus,+18582769479,$,4.0,832,[],https://www.yelp.com/biz/bing-haus-san-diego-2?adjust_creative=aRVAoRVyM2B_4sfVQIy4Yw&utm_campaign=yelp_api_v3&utm_medium=api_v3_business_search&utm_source=aRVAoRVyM2B_4sfVQIy4Yw
lapperts-ice-cream-and-coffee-lounge-san-diego-14,"[{'alias': 'desserts', 'title': 'Desserts'}, {'alias': 'icecream', 'title': 'Ice Cream & Frozen Yogurt'}, {'alias': 'coffeeroasteries', 'title': 'Coffee Roasteries'}]","{'latitude': 32.933701, 'longitude': -117.060676}",(800) 666-7765,18149.851843000808,QuYUlsjvfBAa1rlHlIGVLQ,https://s3-media4.fl.yelpcdn.com/bphoto/e7QeAmgR_SOxoKxihj7gNA/o.jpg,False,"{'address1': '12265 Scripps Poway Pkwy', 'address2': None, 'address3': '', 'city': 'San Diego', 'zip_code': '92131', 'country': 'US', 'state': 'CA', 'display_address': ['12265 Scripps Poway Pkwy', 'San Diego, CA 92131']}",Lappert's Ice Cream & Coffee Lounge,+18006667765,$,4.0,692,"['pickup', 'delivery']",https://www.yelp.com/biz/lapperts-ice-cream-and-coffee-lounge-san-diego-14?adjust_creative=aRVAoRVyM2B_4sfVQIy4Yw&utm_campaign=yelp_api_v3&utm_medium=api_v3_business_search&utm_source=aRVAoRVyM2B_4sfVQIy4Yw
roast-coach-coffee-bar-san-diego-4,"[{'alias': 'coffee', 'title': 'Coffee & Tea'}, {'alias': 'foodstands', 'title': 'Food Stands'}]","{'latitude': 32.70892, 'longitude': -117.1589}",,9088.646147786952,fmSlQjhoZ53x8aXWsDkTsg,https://s3-media4.fl.yelpcdn.com/bphoto/OPETTSfyg0L2ENSs7uPwFg/o.jpg,False,"{'address1': '345 6th Ave', 'address2': '', 'address3': '', 'city': 'San Diego', 'zip_code': '92101', 'country': 'US', 'state': 'CA', 'display_address': ['345 6th Ave', 'San Diego, CA 92101']}",Roast Coach Coffee Bar,,$,4.5,161,"['pickup', 'delivery']",https://www.yelp.com/biz/roast-coach-coffee-bar-san-diego-4?adjust_creative=aRVAoRVyM2B_4sfVQIy4Yw&utm_campaign=yelp_api_v3&utm_medium=api_v3_business_search&utm_source=aRVAoRVyM2B_4sfVQIy4Yw
mariposa-ice-cream-san-diego,"[{'alias': 'icecream', 'title': 'Ice Cream & Frozen Yogurt'}, {'alias': 'coffee', 'title': 'Coffee & Tea'}, {'alias': 'juicebars', 'title': 'Juice Bars & Smoothies'}]","{'latitude': 32.7635264881571, 'longitude': -117.118983349104}",(619) 284-5197,4450.908223507207,2OvPUO3DEmFWSDH50VLCXA,https://s3-media1.fl.yelpcdn.com/bphoto/cAxwhU7OmEXrHrHmzJrFdA/o.jpg,False,"{'address1': '3450 Adams Ave', 'address2': '', 'address3': '', 'city': 'San Diego', 'zip_code': '92116', 'country': 'US', 'state': 'CA', 'display_address': ['3450 Adams Ave', 'San Diego, CA 92116']}",Mariposa Ice Cream,+16192845197,$,4.5,828,[],https://www.yelp.com/biz/mariposa-ice-cream-san-diego?adjust_creative=aRVAoRVyM2B_4sfVQIy4Yw&utm_campaign=yelp_api_v3&utm_medium=api_v3_business_search&utm_source=aRVAoRVyM2B_4sfVQIy4Yw
salt-and-straw-san-diego,"[{'alias': 'icecream', 'title': 'Ice Cream & Frozen Yogurt'}]","{'latitude': 32.7226102, 'longitude': -117.1684663}",(619) 542-9394,7649.808553218149,Fna3dFfwRU5huP27S6vAjg,https://s3-media2.fl.yelpcdn.com/bphoto/AXPhl06FMSH1vJSEv4mDpA/o.jpg,False,"{'address1': '1670 India St', 'address2': '', 'address3': None, 'city': 'San Diego', 'zip_code': '92101', 'country': 'US', 'state': 'CA', 'display_address': ['1670 India St', 'San Diego, CA 92101']}",Salt & Straw,+16195429394,$$,4.5,1045,[],https://www.yelp.com/biz/salt-and-straw-san-diego?adjust_creative=aRVAoRVyM2B_4sfVQIy4Yw&utm_campaign=yelp_api_v3&utm_medium=api_v3_business_search&utm_source=aRVAoRVyM2B_4sfVQIy4Yw
mutual-friend-ice-cream-san-diego-4,"[{'alias': 'icecream', 'title': 'Ice Cream & Frozen Yogurt'}]","{'latitude': 32.71404, 'longitude': -117.13989}",(619) 344-0484,8610.953858531275,WNebT3Hrk_z6MgHjNwUunw,https://s3-media2.fl.yelpcdn.com/bphoto/cWsYYcO0V_XPby0AdAEVtw/o.jpg,False,"{'address1': '811 25th St', 'address2': 'Ste 100', 'address3': None, 'city': 'San Diego', 'zip_code': '92102', 'country': 'US', 'state': 'CA', 'display_address': ['811 25th St', 'Ste 100', 'San Diego, CA 92102']}",Mutual Friend Ice Cream,+16193440484,,4.5,71,[],https://www.yelp.com/biz/mutual-friend-ice-cream-san-diego-4?adjust_creative=aRVAoRVyM2B_4sfVQIy4Yw&utm_campaign=yelp_api_v3&utm_medium=api_v3_business_search&utm_source=aRVAoRVyM2B_4sfVQIy4Yw
the-coffee-method-san-diego,"[{'alias': 'coffee', 'title': 'Coffee & Tea'}]","{'latitude': 32.7456979, 'longitude': -117.2517811}",(619) 431-0594,10408.588937182603,3E2x8CdotZ3IMmSxrT1D4g,https://s3-media4.fl.yelpcdn.com/bphoto/6keiPyLrF_qk73kpDcTaMA/o.jpg,False,"{'address1': '4993 Niagara Ave', 'address2': 'Ste 107', 'address3': '', 'city': 'San Diego', 'zip_code': '92107', 'country': 'US', 'state': 'CA', 'display_address': ['4993 Niagara Ave', 'Ste 107', 'San Diego, CA 92107']}",The Coffee Method,+16194310594,$,4.5,124,[],https://www.yelp.com/biz/the-coffee-method-san-diego?adjust_creative=aRVAoRVyM2B_4sfVQIy4Yw&utm_campaign=yelp_api_v3&utm_medium=api_v3_business_search&utm_source=aRVAoRVyM2B_4sfVQIy4Yw
pappalecco-san-diego-2,"[{'alias': 'gelato', 'title': 'Gelato'}, {'alias': 'cafes', 'title': 'Cafes'}, {'alias': 'italian', 'title': 'Italian'}]","{'latitude': 32.7221199, 'longitude': -117.16678}",(619) 238-4590,7706.141907932728,CNx-l9cresLdPcr2e8vCKg,https://s3-media2.fl.yelpcdn.com/bphoto/-6VH5P9wS6g2BXcUubhy5g/o.jpg,False,"{'address1': '1602 State St', 'address2': '', 'address3': '', 'city': 'San Diego', 'zip_code': '92101', 'country': 'US', 'state': 'CA', 'display_address': ['1602 State St', 'San Diego, CA 92101']}",Pappalecco,+16192384590,$,4.5,2386,[],https://www.yelp.com/biz/pappalecco-san-diego-2?adjust_creative=aRVAoRVyM2B_4sfVQIy4Yw&utm_campaign=yelp_api_v3&utm_medium=api_v3_business_search&utm_source=aRVAoRVyM2B_4sfVQIy4Yw
influx-san-diego-2,"[{'alias': 'coffee', 'title': 'Coffee & Tea'}, {'alias': 'bagels', 'title': 'Bagels'}, {'alias': 'sandwiches', 'title': 'Sandwiches'}]","{'latitude': 32.7244960233801, 'longitude': -117.168766860369}",(619) 255-0735,7474.221868651602,jrr3pqZnzuKddgBDAmaUEA,https://s3-media1.fl.yelpcdn.com/bphoto/uyXS4WtA3vJYAk4b7UlA9w/o.jpg,False,"{'address1': '750 W Fir St', 'address2': 'Ste 105', 'address3': '', 'city': 'San Diego', 'zip_code': '92101', 'country': 'US', 'state': 'CA', 'display_address': ['750 W Fir St', 'Ste 105', 'San Diego, CA 92101']}",Influx,+16192550735,$,4.0,506,[],https://www.yelp.com/biz/influx-san-diego-2?adjust_creative=aRVAoRVyM2B_4sfVQIy4Yw&utm_campaign=yelp_api_v3&utm_medium=api_v3_business_search&utm_source=aRVAoRVyM2B_4sfVQIy4Yw
lab-dessert-and-coffee-san-diego-2,"[{'alias': 'coffee', 'title': 'Coffee & Tea'}, {'alias': 'shavedice', 'title': 'Shaved Ice'}, {'alias': 'desserts', 'title': 'Desserts'}]","{'latitude': 32.829547, 'longitude': -117.152594}",(858) 384-2449,4336.341309802014,UiP9xDpybpEQMOBOdExi2w,https://s3-media3.fl.yelpcdn.com/bphoto/QHxxNteoDoX5WCk412HA0Q/o.jpg,False,"{'address1': '4817 Convoy St', 'address2': None, 'address3': 'Convoy Ronson Plaza', 'city': 'San Diego', 'zip_code': '92111', 'country': 'US', 'state': 'CA', 'display_address': ['4817 Convoy St', 'Convoy Ronson Plaza', 'San Diego, CA 92111']}",LAB Dessert & Coffee,+18583842449,$,4.5,107,"['pickup', 'delivery']",https://www.yelp.com/biz/lab-dessert-and-coffee-san-diego-2?adjust_creative=aRVAoRVyM2B_4sfVQIy4Yw&utm_campaign=yelp_api_v3&utm_medium=api_v3_business_search&utm_source=aRVAoRVyM2B_4sfVQIy4Yw
lazy-hummingbird-san-diego,"[{'alias': 'coffee', 'title': 'Coffee & Tea'}, {'alias': 'breakfast_brunch', 'title': 'Breakfast & Brunch'}, {'alias': 'bagels', 'title': 'Bagels'}]","{'latitude': 32.74664, 'longitude': -117.24798}",(619) 200-5016,10059.556754320714,MkxIXagqmNlbT4WDKZZIMw,https://s3-media4.fl.yelpcdn.com/bphoto/iDrvqM-tlu1dEwYYXmlxPw/o.jpg,False,"{'address1': '4876 Santa Monica Ave', 'address2': '', 'address3': '', 'city': 'San Diego', 'zip_code': '92107', 'country': 'US', 'state': 'CA', 'display_address': ['4876 Santa Monica Ave', 'San Diego, CA 92107']}",Lazy Hummingbird,+16192005016,$,4.5,502,[],https://www.yelp.com/biz/lazy-hummingbird-san-diego?adjust_creative=aRVAoRVyM2B_4sfVQIy4Yw&utm_campaign=yelp_api_v3&utm_medium=api_v3_business_search&utm_source=aRVAoRVyM2B_4sfVQIy4Yw
boba-bar-and-desserts-san-diego-2,"[{'alias': 'desserts', 'title': 'Desserts'}, {'alias': 'bubbletea', 'title': 'Bubble Tea'}, {'alias': 'waffles', 'title': 'Waffles'}]","{'latitude': 32.8245326816212, 'longitude': -117.15459}",(858) 226-3903,3776.83797664791,xSutIAroDpRZO3pLqUKStA,https://s3-media4.fl.yelpcdn.com/bphoto/q_zShXiQCjbZ-3nk-5lW6Q/o.jpg,False,"{'address1': '4619 Convoy St', 'address2': '', 'address3': None, 'city': 'San Diego', 'zip_code': '92111', 'country': 'US', 'state': 'CA', 'display_address': ['4619 Convoy St', 'San Diego, CA 92111']}",Boba Bar and Desserts,+18582263903,$,4.5,812,[],https://www.yelp.com/biz/boba-bar-and-desserts-san-diego-2?adjust_creative=aRVAoRVyM2B_4sfVQIy4Yw&utm_campaign=yelp_api_v3&utm_medium=api_v3_business_search&utm_source=aRVAoRVyM2B_4sfVQIy4Yw
sweet-roll-ice-cream-san-diego,"[{'alias': 'icecream', 'title': 'Ice Cream & Frozen Yogurt'}, {'alias': 'bubbletea', 'title': 'Bubble Tea'}]","{'latitude': 32.74974, 'longitude': -117.20514}",(619) 542-9121,6554.19139030014,yUHubhQ3FqdOZ8NV8ImV2A,https://s3-media2.fl.yelpcdn.com/bphoto/lU2dBLHMS-Gv8ReGbwrgdA/o.jpg,False,"{'address1': '3555 Rosecrans St', 'address2': None, 'address3': '', 'city': 'San Diego', 'zip_code': '92110', 'country': 'US', 'state': 'CA', 'display_address': ['3555 Rosecrans St', 'San Diego, CA 92110']}",Sweet Roll Ice Cream,+16195429121,$,5.0,43,[],https://www.yelp.com/biz/sweet-roll-ice-cream-san-diego?adjust_creative=aRVAoRVyM2B_4sfVQIy4Yw&utm_campaign=yelp_api_v3&utm_medium=api_v3_business_search&utm_source=aRVAoRVyM2B_4sfVQIy4Yw
local-krave-san-diego,"[{'alias': 'coffee', 'title': 'Coffee & Tea'}]","{'latitude': 32.7525099366903, 'longitude': -117.215706333518}",(619) 359-3119,7137.935636329702,fKFg6Lky_QEGIocL1zx9VA,https://s3-media2.fl.yelpcdn.com/bphoto/SnPYEFRpvkwQB_U1574g-w/o.jpg,False,"{'address1': '3642 Midway Dr', 'address2': '', 'address3': '', 'city': 'San Diego', 'zip_code': '92110', 'country': 'US', 'state': 'CA', 'display_address': ['3642 Midway Dr', 'San Diego, CA 92110']}",Local Krave,+16193593119,$$,5.0,336,"['pickup', 'delivery']",https://www.yelp.com/biz/local-krave-san-diego?adjust_creative=aRVAoRVyM2B_4sfVQIy4Yw&utm_campaign=yelp_api_v3&utm_medium=api_v3_business_search&utm_source=aRVAoRVyM2B_4sfVQIy4Yw
cauldron-ice-cream-san-diego-6,"[{'alias': 'icecream', 'title': 'Ice Cream & Frozen Yogurt'}, {'alias': 'desserts', 'title': 'Desserts'}, {'alias': 'coffee', 'title': 'Coffee & Tea'}]","{'latitude': 32.82491, 'longitude': -117.15566}",(858) 224-8532,3816.5306971354303,e8_njSP5t6s_qTRD0xqvGA,https://s3-media1.fl.yelpcdn.com/bphoto/5aoM8PkvQKnNsGCjHLqciQ/o.jpg,False,"{'address1': '4646 Convoy St', 'address2': 'Ste 111', 'address3': None, 'city': 'San Diego', 'zip_code': '92111', 'country': 'US', 'state': 'CA', 'display_address': ['4646 Convoy St', 'Ste 111', 'San Diego, CA 92111']}",Cauldron Ice Cream,+18582248532,$,4.0,317,[],https://www.yelp.com/biz/cauldron-ice-cream-san-diego-6?adjust_creative=aRVAoRVyM2B_4sfVQIy4Yw&utm_campaign=yelp_api_v3&utm_medium=api_v3_business_search&utm_source=aRVAoRVyM2B_4sfVQIy4Yw
the-bean-box-san-diego,"[{'alias': 'coffee', 'title': 'Coffee & Tea'}, {'alias': 'bagels', 'title': 'Bagels'}]","{'latitude': 32.7541395394518, 'longitude': -117.221983107253}",(619) 381-0274,7530.639551446589,aqFbiTsYekEqoy_gb-_bMw,https://s3-media4.fl.yelpcdn.com/bphoto/rLYlQgzjazQDQrVF6joGpQ/o.jpg,False,"{'address1': '4019 W Point Loma Blvd', 'address2': '', 'address3': '', 'city': 'San Diego', 'zip_code': '92110', 'country': 'US', 'state': 'CA', 'display_address': ['4019 W Point Loma Blvd', 'San Diego, CA 92110']}",The Bean Box,+16193810274,$,4.5,83,"['pickup', 'delivery']",https://www.yelp.com/biz/the-bean-box-san-diego?adjust_creative=aRVAoRVyM2B_4sfVQIy4Yw&utm_campaign=yelp_api_v3&utm_medium=api_v3_business_search&utm_source=aRVAoRVyM2B_4sfVQIy4Yw
baskin-robbins-san-diego-30,"[{'alias': 'icecream', 'title': 'Ice Cream & Frozen Yogurt'}]","{'latitude': 32.7557, 'longitude': -117.13346}",(619) 255-8402,4324.41953287124,QF3ywPsoLEgLWtO1iuQClQ,https://s3-media3.fl.yelpcdn.com/bphoto/3C_Dx5eBKQ9UC8L_UxsR7g/o.jpg,False,"{'address1': '2810 El Cajon Blvd', 'address2': None, 'address3': '', 'city': 'San Diego', 'zip_code': '92104', 'country': 'US', 'state': 'CA', 'display_address': ['2810 El Cajon Blvd', 'San Diego, CA 92104']}",Baskin-Robbins,+16192558402,,4.5,5,[],https://www.yelp.com/biz/baskin-robbins-san-diego-30?adjust_creative=aRVAoRVyM2B_4sfVQIy4Yw&utm_campaign=yelp_api_v3&utm_medium=api_v3_business_search&utm_source=aRVAoRVyM2B_4sfVQIy4Yw
golden-donut-san-diego,"[{'alias': 'donuts', 'title': 'Donuts'}, {'alias': 'coffee', 'title': 'Coffee & Tea'}, {'alias': 'bakeries', 'title': 'Bakeries'}]","{'latitude': 32.748912, 'longitude': -117.139003}",(619) 298-2352,4841.927523406723,JKO9iIkovklxphxQyK1nPA,https://s3-media3.fl.yelpcdn.com/bphoto/1-irT59nATYoOMPO0Doxow/o.jpg,False,"{'address1': '2360 University Ave', 'address2': '', 'address3': '', 'city': 'San Diego', 'zip_code': '92104', 'country': 'US', 'state': 'CA', 'display_address': ['2360 University Ave', 'San Diego, CA 92104']}",Golden Donut,+16192982352,$,4.5,350,[],https://www.yelp.com/biz/golden-donut-san-diego?adjust_creative=aRVAoRVyM2B_4sfVQIy4Yw&utm_campaign=yelp_api_v3&utm_medium=api_v3_business_search&utm_source=aRVAoRVyM2B_4sfVQIy4Yw
pappalecco-san-diego-3,"[{'alias': 'coffee', 'title': 'Coffee & Tea'}, {'alias': 'gelato', 'title': 'Gelato'}, {'alias': 'italian', 'title': 'Italian'}]","{'latitude': 32.7448156292173, 'longitude': -117.160632347816}",(619) 906-5566,5124.299493033924,IMeHyi4f9WMdz3_zRAPtAQ,https://s3-media2.fl.yelpcdn.com/bphoto/liEYPExr9y2zzMuDIToBsA/o.jpg,False,"{'address1': '3650 5th Ave', 'address2': '', 'address3': '', 'city': 'San Diego', 'zip_code': '92103', 'country': 'US', 'state': 'CA', 'display_address': ['3650 5th Ave', 'San Diego, CA 92103']}",Pappalecco,+16199065566,$,4.5,810,[],https://www.yelp.com/biz/pappalecco-san-diego-3?adjust_creative=aRVAoRVyM2B_4sfVQIy4Yw&utm_campaign=yelp_api_v3&utm_medium=api_v3_business_search&utm_source=aRVAoRVyM2B_4sfVQIy4Yw
sweet-shoppe-san-diego,"[{'alias': 'icecream', 'title': 'Ice Cream & Frozen Yogurt'}, {'alias': 'chocolate', 'title': 'Chocolatiers & Shops'}, {'alias': 'desserts', 'title': 'Desserts'}]","{'latitude': 32.76993, 'longitude': -117.25108}",(858) 488-1549,9416.862930826315,CEc8kkq4IxH3YW_bjapXBw,https://s3-media1.fl.yelpcdn.com/bphoto/wu2f8P9fp_kdk_LijoCwfg/o.jpg,False,"{'address1': '3146 Mission Blvd', 'address2': 'Ste C', 'address3': '', 'city': 'San Diego', 'zip_code': '92109', 'country': 'US', 'state': 'CA', 'display_address': ['3146 Mission Blvd', 'Ste C', 'San Diego, CA 92109']}",Sweet Shoppe,+18584881549,$,4.0,137,[],https://www.yelp.com/biz/sweet-shoppe-san-diego?adjust_creative=aRVAoRVyM2B_4sfVQIy4Yw&utm_campaign=yelp_api_v3&utm_medium=api_v3_business_search&utm_source=aRVAoRVyM2B_4sfVQIy4Yw
better-buzz-coffee-roasters-san-diego,"[{'alias': 'coffee', 'title': 'Coffee & Tea'}]","{'latitude': 32.8009307, 'longitude': -117.2345646}",(858) 270-2899,7610.394769666648,smW1Jr_vO0yRCc7K3BYrKg,https://s3-media1.fl.yelpcdn.com/bphoto/4gQYeekxRxvqFZSvgVLoiA/o.jpg,False,"{'address1': '1909 Garnet Ave', 'address2': '', 'address3': '', 'city': 'San Diego', 'zip_code': '92109', 'country': 'US', 'state': 'CA', 'display_address': ['1909 Garnet Ave', 'San Diego, CA 92109']}",Better Buzz Coffee Roasters,+18582702899,$,4.0,911,[],https://www.yelp.com/biz/better-buzz-coffee-roasters-san-diego?adjust_creative=aRVAoRVyM2B_4sfVQIy4Yw&utm_campaign=yelp_api_v3&utm_medium=api_v3_business_search&utm_source=aRVAoRVyM2B_4sfVQIy4Yw
the-baked-bear-san-diego-7,"[{'alias': 'icecream', 'title': 'Ice Cream & Frozen Yogurt'}]","{'latitude': 32.796767404473, 'longitude': -117.255722915637}",,9525.558271691043,p6EFmEYuJIfcK7c5aHBKww,https://s3-media2.fl.yelpcdn.com/bphoto/8VyPjX3hdkK0vwOnbjd9bg/o.jpg,False,"{'address1': '4516 Mission Blvd', 'address2': 'Ste C', 'address3': '', 'city': 'San Diego', 'zip_code': '92109', 'country': 'US', 'state': 'CA', 'display_address': ['4516 Mission Blvd', 'Ste C', 'San Diego, CA 92109']}",The Baked Bear,,$,4.5,1649,"['pickup', 'delivery']",https://www.yelp.com/biz/the-baked-bear-san-diego-7?adjust_creative=aRVAoRVyM2B_4sfVQIy4Yw&utm_campaign=yelp_api_v3&utm_medium=api_v3_business_search&utm_source=aRVAoRVyM2B_4sfVQIy4Yw
la-michoacana-mr-sub-san-diego,"[{'alias': 'icecream', 'title': 'Ice Cream & Frozen Yogurt'}, {'alias': 'desserts', 'title': 'Desserts'}]","{'latitude': 32.7550474785736, 'longitude': -117.1372785}",(619) 255-1602,4250.86934780602,CjK5E72FHE9Nc0fFEpP4GA,https://s3-media3.fl.yelpcdn.com/bphoto/pJVN9dcygolo5jZzeBX-QA/o.jpg,False,"{'address1': '2505 El Cajon Blvd', 'address2': None, 'address3': '', 'city': 'San Diego', 'zip_code': '92104', 'country': 'US', 'state': 'CA', 'display_address': ['2505 El Cajon Blvd', 'San Diego, CA 92104']}",La Michoacana Mr Sub,+16192551602,,5.0,38,[],https://www.yelp.com/biz/la-michoacana-mr-sub-san-diego?adjust_creative=aRVAoRVyM2B_4sfVQIy4Yw&utm_campaign=yelp_api_v3&utm_medium=api_v3_business_search&utm_source=aRVAoRVyM2B_4sfVQIy4Yw
s3-coffee-bar-san-diego,"[{'alias': 'desserts', 'title': 'Desserts'}, {'alias': 'coffee', 'title': 'Coffee & Tea'}]","{'latitude': 32.7868855562046, 'longitude': -117.097536250949}",(619) 693-5333,5301.77581850913,257s2toBryVIWn8PsaQ9Tw,https://s3-media4.fl.yelpcdn.com/bphoto/Mb3bMiAlnDRBXvDW7_LCEw/o.jpg,False,"{'address1': '6171 Mission Gorge Rd', 'address2': 'Ste 102', 'address3': '', 'city': 'San Diego', 'zip_code': '92120', 'country': 'US', 'state': 'CA', 'display_address': ['6171 Mission Gorge Rd', 'Ste 102', 'San Diego, CA 92120']}",S3 Coffee Bar,+16196935333,$,4.5,480,[],https://www.yelp.com/biz/s3-coffee-bar-san-diego?adjust_creative=aRVAoRVyM2B_4sfVQIy4Yw&utm_campaign=yelp_api_v3&utm_medium=api_v3_business_search&utm_source=aRVAoRVyM2B_4sfVQIy4Yw
pacific-bean-coffee-san-diego,"[{'alias': 'coffee', 'title': 'Coffee & Tea'}]","{'latitude': 32.7965098, 'longitude': -117.2563794}",,9584.7594056603,PLeoFDZdtAu7TLMttQxyCQ,https://s3-media4.fl.yelpcdn.com/bphoto/YeiEWNNEMsusSEwCdsdQvQ/o.jpg,False,"{'address1': '712 Garnet Ave', 'address2': '', 'address3': '', 'city': 'San Diego', 'zip_code': '92109', 'country': 'US', 'state': 'CA', 'display_address': ['712 Garnet Ave', 'San Diego, CA 92109']}",Pacific Bean Coffee,,$,4.5,269,[],https://www.yelp.com/biz/pacific-bean-coffee-san-diego?adjust_creative=aRVAoRVyM2B_4sfVQIy4Yw&utm_campaign=yelp_api_v3&utm_medium=api_v3_business_search&utm_source=aRVAoRVyM2B_4sfVQIy4Yw
creamistry-san-diego,"[{'alias': 'icecream', 'title': 'Ice Cream & Frozen Yogurt'}, {'alias': 'desserts', 'title': 'Desserts'}]","{'latitude': 32.8333, 'longitude': -117.15845}",(858) 874-6407,4798.465525281186,Q2ffJwPiw-wKKMWpYeUNnw,https://s3-media1.fl.yelpcdn.com/bphoto/QvgemL_-_QIgbeBRAaLeXg/o.jpg,False,"{'address1': '7420 Clairemont Mesa Blvd', 'address2': 'Ste 108', 'address3': '', 'city': 'San Diego', 'zip_code': '92111', 'country': 'US', 'state': 'CA', 'display_address': ['7420 Clairemont Mesa Blvd', 'Ste 108', 'San Diego, CA 92111']}",Creamistry,+18588746407,$$,4.0,441,[],https://www.yelp.com/biz/creamistry-san-diego?adjust_creative=aRVAoRVyM2B_4sfVQIy4Yw&utm_campaign=yelp_api_v3&utm_medium=api_v3_business_search&utm_source=aRVAoRVyM2B_4sfVQIy4Yw
hammonds-gourmet-ice-cream-san-diego-5,"[{'alias': 'icecream', 'title': 'Ice Cream & Frozen Yogurt'}]","{'latitude': 32.7545789, 'longitude': -117.2159181}",(619) 550-5893,6930.058754355986,dy9cmYbjPz2uwHIxpSOM9w,https://s3-media2.fl.yelpcdn.com/bphoto/r7j2MfosH21-yAlXpOf7pQ/o.jpg,False,"{'address1': '3740 Sports Arena Blvd', 'address2': 'Ste 6', 'address3': '', 'city': 'San Diego', 'zip_code': '92110', 'country': 'US', 'state': 'CA', 'display_address': ['3740 Sports Arena Blvd', 'Ste 6', 'San Diego, CA 92110']}",Hammond's Gourmet Ice Cream,+16195505893,$,4.5,302,[],https://www.yelp.com/biz/hammonds-gourmet-ice-cream-san-diego-5?adjust_creative=aRVAoRVyM2B_4sfVQIy4Yw&utm_campaign=yelp_api_v3&utm_medium=api_v3_business_search&utm_source=aRVAoRVyM2B_4sfVQIy4Yw
american-house-coffee-and-tea-san-diego-2,"[{'alias': 'coffee', 'title': 'Coffee & Tea'}, {'alias': 'tea', 'title': 'Tea Rooms'}, {'alias': 'herbsandspices', 'title': 'Herbs & Spices'}]","{'latitude': 32.7545562, 'longitude': -117.1977148}",(619) 683-2416,5716.377659432207,DsrXla5_huti5NEyDpC2Nw,https://s3-media2.fl.yelpcdn.com/bphoto/7_CkkRw-wbH5GJxnFmhqIg/o.jpg,False,"{'address1': '2767 San Diego Ave', 'address2': '', 'address3': '', 'city': 'San Diego', 'zip_code': '92110', 'country': 'US', 'state': 'CA', 'display_address': ['2767 San Diego Ave', 'San Diego, CA 92110']}",American House Coffee & Tea,+16196832416,$$,4.5,230,[],https://www.yelp.com/biz/american-house-coffee-and-tea-san-diego-2?adjust_creative=aRVAoRVyM2B_4sfVQIy4Yw&utm_campaign=yelp_api_v3&utm_medium=api_v3_business_search&utm_source=aRVAoRVyM2B_4sfVQIy4Yw
bobboi-natural-gelato-la-jolla,"[{'alias': 'gelato', 'title': 'Gelato'}, {'alias': 'icecream', 'title': 'Ice Cream & Frozen Yogurt'}, {'alias': 'desserts', 'title': 'Desserts'}]","{'latitude': 32.8481296978143, 'longitude': -117.274364922946}",(858) 255-8693,12934.449322468578,sRTRE_pX9CfeFEPelWOW8g,https://s3-media2.fl.yelpcdn.com/bphoto/N1utO2Jq_13QQapxfFvrmg/o.jpg,False,"{'address1': '8008 Girard Ave', 'address2': '', 'address3': '', 'city': 'La Jolla', 'zip_code': '92037', 'country': 'US', 'state': 'CA', 'display_address': ['8008 Girard Ave', 'La Jolla, CA 92037']}",Bobboi Natural Gelato,+18582558693,$,5.0,1649,"['pickup', 'delivery']",https://www.yelp.com/biz/bobboi-natural-gelato-la-jolla?adjust_creative=aRVAoRVyM2B_4sfVQIy4Yw&utm_campaign=yelp_api_v3&utm_medium=api_v3_business_search&utm_source=aRVAoRVyM2B_4sfVQIy4Yw
elixir-espresso-and-wine-bar-san-diego,"[{'alias': 'creperies', 'title': 'Creperies'}, {'alias': 'coffee', 'title': 'Coffee & Tea'}, {'alias': 'bakeries', 'title': 'Bakeries'}]","{'latitude': 32.8464821271689, 'longitude': -117.274240976724}",(858) 291-8278,12834.738897967925,nqvnYuLs9M8kMrESeGjsTw,https://s3-media2.fl.yelpcdn.com/bphoto/ZvHmwSHqnUssUMnM_mFuhg/o.jpg,False,"{'address1': '7863 Girard Ave', 'address2': 'Ste 105', 'address3': '', 'city': 'San Diego', 'zip_code': '92037', 'country': 'US', 'state': 'CA', 'display_address': ['7863 Girard Ave', 'Ste 105', 'San Diego, CA 92037']}",Elixir Espresso & Wine Bar,+18582918278,$,4.5,177,"['pickup', 'delivery']",https://www.yelp.com/biz/elixir-espresso-and-wine-bar-san-diego?adjust_creative=aRVAoRVyM2B_4sfVQIy4Yw&utm_campaign=yelp_api_v3&utm_medium=api_v3_business_search&utm_source=aRVAoRVyM2B_4sfVQIy4Yw
icmonster-convoy-san-diego-3,"[{'alias': 'desserts', 'title': 'Desserts'}, {'alias': 'icecream', 'title': 'Ice Cream & Frozen Yogurt'}, {'alias': 'bubbletea', 'title': 'Bubble Tea'}]","{'latitude': 32.8268448, 'longitude': -117.1551056}",(858) 705-4678,4034.768032589788,7SiqiWFeeBD15h_JdNcZow,https://s3-media1.fl.yelpcdn.com/bphoto/UB4R9Ja51f8MB8DlzBBVTw/o.jpg,False,"{'address1': '4698 Convoy St', 'address2': 'Ste 105', 'address3': None, 'city': 'San Diego', 'zip_code': '92111', 'country': 'US', 'state': 'CA', 'display_address': ['4698 Convoy St', 'Ste 105', 'San Diego, CA 92111']}",ICMonster Convoy,+18587054678,$,4.0,177,[],https://www.yelp.com/biz/icmonster-convoy-san-diego-3?adjust_creative=aRVAoRVyM2B_4sfVQIy4Yw&utm_campaign=yelp_api_v3&utm_medium=api_v3_business_search&utm_source=aRVAoRVyM2B_4sfVQIy4Yw
lighthouse-ice-cream-san-diego,"[{'alias': 'icecream', 'title': 'Ice Cream & Frozen Yogurt'}]","{'latitude': 32.74729, 'longitude': -117.2523}",(619) 222-8600,10364.969953514628,nSy5V3fnpHyvSmxxqi196g,https://s3-media1.fl.yelpcdn.com/bphoto/It7DBbNPm0pg3DxhdEH4mA/o.jpg,False,"{'address1': '5059 Newport Ave', 'address2': 'Ste 102', 'address3': '', 'city': 'San Diego', 'zip_code': '92107', 'country': 'US', 'state': 'CA', 'display_address': ['5059 Newport Ave', 'Ste 102', 'San Diego, CA 92107']}",Lighthouse Ice Cream,+16192228600,$,4.0,555,[],https://www.yelp.com/biz/lighthouse-ice-cream-san-diego?adjust_creative=aRVAoRVyM2B_4sfVQIy4Yw&utm_campaign=yelp_api_v3&utm_medium=api_v3_business_search&utm_source=aRVAoRVyM2B_4sfVQIy4Yw
communal-coffee-san-diego,"[{'alias': 'coffee', 'title': 'Coffee & Tea'}]","{'latitude': 32.748197022625, 'longitude': -117.13921610266}",(619) 363-7737,4912.3646214205955,IYkFVPGKBRKJu8_uEoWeaA,https://s3-media2.fl.yelpcdn.com/bphoto/bu9vbZOt2nXqipg0Ot66cA/o.jpg,False,"{'address1': '2335 University Ave', 'address2': '', 'address3': '', 'city': 'San Diego', 'zip_code': '92104', 'country': 'US', 'state': 'CA', 'display_address': ['2335 University Ave', 'San Diego, CA 92104']}",Communal Coffee,+16193637737,$$,4.5,719,[],https://www.yelp.com/biz/communal-coffee-san-diego?adjust_creative=aRVAoRVyM2B_4sfVQIy4Yw&utm_campaign=yelp_api_v3&utm_medium=api_v3_business_search&utm_source=aRVAoRVyM2B_4sfVQIy4Yw
classics-malt-shop-san-diego-3,"[{'alias': 'tradamerican', 'title': 'American (Traditional)'}, {'alias': 'icecream', 'title': 'Ice Cream & Frozen Yogurt'}, {'alias': 'hotdog', 'title': 'Hot Dogs'}]","{'latitude': 32.751449180607, 'longitude': -117.216379533257}",(619) 226-1600,7269.610893966146,VNSboYAOrVycTVpadqycAg,https://s3-media2.fl.yelpcdn.com/bphoto/VHTSmX9yucHjuOrYxXfjpQ/o.jpg,False,"{'address1': '3625 Midway Dr', 'address2': 'Ste B', 'address3': '', 'city': 'San Diego', 'zip_code': '92110', 'country': 'US', 'state': 'CA', 'display_address': ['3625 Midway Dr', 'Ste B', 'San Diego, CA 92110']}",Classics Malt Shop,+16192261600,$,5.0,658,[],https://www.yelp.com/biz/classics-malt-shop-san-diego-3?adjust_creative=aRVAoRVyM2B_4sfVQIy4Yw&utm_campaign=yelp_api_v3&utm_medium=api_v3_business_search&utm_source=aRVAoRVyM2B_4sfVQIy4Yw
gelato-vero-caffe-san-diego,"[{'alias': 'coffee', 'title': 'Coffee & Tea'}, {'alias': 'icecream', 'title': 'Ice Cream & Frozen Yogurt'}]","{'latitude': 32.74324, 'longitude': -117.18079}",(619) 295-9269,5836.379883729053,paAxWYoFD7fS5CfTiPpcNA,https://s3-media1.fl.yelpcdn.com/bphoto/b8OETE1a-5877A0lhJanUQ/o.jpg,False,"{'address1': '3753 India St', 'address2': '', 'address3': '', 'city': 'San Diego', 'zip_code': '92103', 'country': 'US', 'state': 'CA', 'display_address': ['3753 India St', 'San Diego, CA 92103']}",Gelato Vero Caffe,+16192959269,$,4.0,684,[],https://www.yelp.com/biz/gelato-vero-caffe-san-diego?adjust_creative=aRVAoRVyM2B_4sfVQIy4Yw&utm_campaign=yelp_api_v3&utm_medium=api_v3_business_search&utm_source=aRVAoRVyM2B_4sfVQIy4Yw
portside-coffee-and-gelato-san-diego-3,"[{'alias': 'coffee', 'title': 'Coffee & Tea'}, {'alias': 'gelato', 'title': 'Gelato'}, {'alias': 'sandwiches', 'title': 'Sandwiches'}]","{'latitude': 32.72081, 'longitude': -117.22737}",(619) 814-8081,10358.078255208651,4mbRm7jD2ep9XuWOZNxpPw,https://s3-media1.fl.yelpcdn.com/bphoto/st3kq2oA4FCmxjAZdCB9Jw/o.jpg,False,"{'address1': '2614 Shelter Island Dr', 'address2': '', 'address3': None, 'city': 'San Diego', 'zip_code': '92106', 'country': 'US', 'state': 'CA', 'display_address': ['2614 Shelter Island Dr', 'San Diego, CA 92106']}",Portside Coffee and Gelato,+16198148081,,4.5,15,[],https://www.yelp.com/biz/portside-coffee-and-gelato-san-diego-3?adjust_creative=aRVAoRVyM2B_4sfVQIy4Yw&utm_campaign=yelp_api_v3&utm_medium=api_v3_business_search&utm_source=aRVAoRVyM2B_4sfVQIy4Yw
anakins-ice-cream-parlor-san-diego-2,"[{'alias': 'icecream', 'title': 'Ice Cream & Frozen Yogurt'}]","{'latitude': 32.7156059481334, 'longitude': -117.129881392771}",(619) 228-9849,8637.341177657247,qNXYJStHhPm0FwOuzmWFsQ,https://s3-media2.fl.yelpcdn.com/bphoto/FE2xsCn4-G_zGAKRVptShA/o.jpg,False,"{'address1': '2991 Broadway', 'address2': '', 'address3': None, 'city': 'San Diego', 'zip_code': '92102', 'country': 'US', 'state': 'CA', 'display_address': ['2991 Broadway', 'San Diego, CA 92102']}",Anakin's Ice Cream Parlor,+16192289849,,5.0,5,[],https://www.yelp.com/biz/anakins-ice-cream-parlor-san-diego-2?adjust_creative=aRVAoRVyM2B_4sfVQIy4Yw&utm_campaign=yelp_api_v3&utm_medium=api_v3_business_search&utm_source=aRVAoRVyM2B_4sfVQIy4Yw
stella-jeans-ice-cream-san-diego,"[{'alias': 'icecream', 'title': 'Ice Cream & Frozen Yogurt'}]","{'latitude': 32.7574, 'longitude': -117.14645}",(619) 501-8252,3755.493388579483,ls5E_YVqk3S23edAaLmTqA,https://s3-media3.fl.yelpcdn.com/bphoto/PlcI1eX-IEhhTAdfTAWfjQ/o.jpg,False,"{'address1': '4404 Park Blvd', 'address2': 'Ste B', 'address3': '', 'city': 'San Diego', 'zip_code': '92116', 'country': 'US', 'state': 'CA', 'display_address': ['4404 Park Blvd', 'Ste B', 'San Diego, CA 92116']}",Stella Jean's Ice Cream,+16195018252,,4.5,114,[],https://www.yelp.com/biz/stella-jeans-ice-cream-san-diego?adjust_creative=aRVAoRVyM2B_4sfVQIy4Yw&utm_campaign=yelp_api_v3&utm_medium=api_v3_business_search&utm_source=aRVAoRVyM2B_4sfVQIy4Yw
krakatoa-san-diego,"[{'alias': 'coffee', 'title': 'Coffee & Tea'}, {'alias': 'sandwiches', 'title': 'Sandwiches'}, {'alias': 'breakfast_brunch', 'title': 'Breakfast & Brunch'}]","{'latitude': 32.71747, 'longitude': -117.14069}",(619) 230-0272,8220.984682914868,wVDDorMl-4bPkx07uD68PQ,https://s3-media1.fl.yelpcdn.com/bphoto/1-8b460WlRPbbB1rmuWJ_g/o.jpg,False,"{'address1': '1128 25th St', 'address2': '', 'address3': '', 'city': 'San Diego', 'zip_code': '92102', 'country': 'US', 'state': 'CA', 'display_address': ['1128 25th St', 'San Diego, CA 92102']}",Krakatoa,+16192300272,$,4.0,804,"['pickup', 'delivery']",https://www.yelp.com/biz/krakatoa-san-diego?adjust_creative=aRVAoRVyM2B_4sfVQIy4Yw&utm_campaign=yelp_api_v3&utm_medium=api_v3_business_search&utm_source=aRVAoRVyM2B_4sfVQIy4Yw
jungle-java-san-diego,"[{'alias': 'coffee', 'title': 'Coffee & Tea'}]","{'latitude': 32.74714, 'longitude': -117.25208}",(619) 884-4277,10350.918377641197,cZcAK6OxKjaR4gT_NS3Vrg,https://s3-media3.fl.yelpcdn.com/bphoto/OUa2XpX4-KPQ14J5LaS6zw/o.jpg,False,"{'address1': '5047 Newport Ave', 'address2': '', 'address3': '', 'city': 'San Diego', 'zip_code': '92107', 'country': 'US', 'state': 'CA', 'display_address': ['5047 Newport Ave', 'San Diego, CA 92107']}",Jungle Java,+16198844277,$,4.0,202,[],https://www.yelp.com/biz/jungle-java-san-diego?adjust_creative=aRVAoRVyM2B_4sfVQIy4Yw&utm_campaign=yelp_api_v3&utm_medium=api_v3_business_search&utm_source=aRVAoRVyM2B_4sfVQIy4Yw
mr-frostie-san-diego,"[{'alias': 'icecream', 'title': 'Ice Cream & Frozen Yogurt'}, {'alias': 'sandwiches', 'title': 'Sandwiches'}]","{'latitude': 32.7996, 'longitude': -117.24302}",(858) 274-9977,8376.227042568567,unoJ_hQBrTAscPbPijj7OQ,https://s3-media2.fl.yelpcdn.com/bphoto/XIPXXVOupfadNK5-Krpamw/o.jpg,False,"{'address1': '1470 Garnet Ave', 'address2': '', 'address3': '', 'city': 'San Diego', 'zip_code': '92109', 'country': 'US', 'state': 'CA', 'display_address': ['1470 Garnet Ave', 'San Diego, CA 92109']}",Mr Frostie,+18582749977,$,4.5,578,[],https://www.yelp.com/biz/mr-frostie-san-diego?adjust_creative=aRVAoRVyM2B_4sfVQIy4Yw&utm_campaign=yelp_api_v3&utm_medium=api_v3_business_search&utm_source=aRVAoRVyM2B_4sfVQIy4Yw
thaicy-rolls-creamery-national-city-2,"[{'alias': 'icecream', 'title': 'Ice Cream & Frozen Yogurt'}]","{'latitude': 32.68019, 'longitude': -117.0781}",(619) 773-6809,14192.053755782941,dOhTnBfbFH_2Ue95TAnmwg,https://s3-media1.fl.yelpcdn.com/bphoto/R0C0tHcl8hXuci_QyQKjiQ/o.jpg,False,"{'address1': '2720 East Plaza Blvd', 'address2': 'Ste T', 'address3': '', 'city': 'National City', 'zip_code': '91950', 'country': 'US', 'state': 'CA', 'display_address': ['2720 East Plaza Blvd', 'Ste T', 'National City, CA 91950']}",Thaicy Rolls Creamery,+16197736809,$,4.5,137,[],https://www.yelp.com/biz/thaicy-rolls-creamery-national-city-2?adjust_creative=aRVAoRVyM2B_4sfVQIy4Yw&utm_campaign=yelp_api_v3&utm_medium=api_v3_business_search&utm_source=aRVAoRVyM2B_4sfVQIy4Yw
pop-pie-co-san-diego-7,"[{'alias': 'desserts', 'title': 'Desserts'}, {'alias': 'coffee', 'title': 'Coffee & Tea'}, {'alias': 'breakfast_brunch', 'title': 'Breakfast & Brunch'}]","{'latitude': 32.7573953, 'longitude': -117.1464547}",(619) 501-4440,3757.1048591093454,ZUZEfmc3cktZT9aV-AHYiw,https://s3-media2.fl.yelpcdn.com/bphoto/7-Iw7geaU0QQ2Ul9ILKBjg/o.jpg,False,"{'address1': '4404 Park Blvd', 'address2': 'Ste A', 'address3': '', 'city': 'San Diego', 'zip_code': '92116', 'country': 'US', 'state': 'CA', 'display_address': ['4404 Park Blvd', 'Ste A', 'San Diego, CA 92116']}",Pop Pie Co,+16195014440,$$,4.5,788,"['pickup', 'delivery']",https://www.yelp.com/biz/pop-pie-co-san-diego-7?adjust_creative=aRVAoRVyM2B_4sfVQIy4Yw&utm_campaign=yelp_api_v3&utm_medium=api_v3_business_search&utm_source=aRVAoRVyM2B_4sfVQIy4Yw
california-bean-san-diego,"[{'alias': 'coffee', 'title': 'Coffee & Tea'}]","{'latitude': 32.747947, 'longitude': -117.1910907}",,5868.0910992283525,K8nOlx_eBmzbMT95bM_JyA,https://s3-media1.fl.yelpcdn.com/bphoto/vDcGjqVN_2h_BrsLjQ3gbA/o.jpg,False,"{'address1': '2222 San Diego Ave', 'address2': '', 'address3': '', 'city': 'San Diego', 'zip_code': '92110', 'country': 'US', 'state': 'CA', 'display_address': ['2222 San Diego Ave', 'San Diego, CA 92110']}",California Bean,,$,5.0,90,[],https://www.yelp.com/biz/california-bean-san-diego?adjust_creative=aRVAoRVyM2B_4sfVQIy4Yw&utm_campaign=yelp_api_v3&utm_medium=api_v3_business_search&utm_source=aRVAoRVyM2B_4sfVQIy4Yw
better-buzz-coffee-san-diego-5,"[{'alias': 'coffee', 'title': 'Coffee & Tea'}]","{'latitude': 32.726196, 'longitude': -117.228241}",(619) 222-2899,9962.263549825233,0euQeGTHYIsyt-h50pBCSA,https://s3-media2.fl.yelpcdn.com/bphoto/wG9W0h00D7nJ6Mnw9A1tag/o.jpg,False,"{'address1': '1480 Rosecrans St', 'address2': '', 'address3': '', 'city': 'San Diego', 'zip_code': '92106', 'country': 'US', 'state': 'CA', 'display_address': ['1480 Rosecrans St', 'San Diego, CA 92106']}",Better Buzz Coffee,+16192222899,$,4.0,618,[],https://www.yelp.com/biz/better-buzz-coffee-san-diego-5?adjust_creative=aRVAoRVyM2B_4sfVQIy4Yw&utm_campaign=yelp_api_v3&utm_medium=api_v3_business_search&utm_source=aRVAoRVyM2B_4sfVQIy4Yw
holsem-coffee-san-diego,"[{'alias': 'cafes', 'title': 'Cafes'}, {'alias': 'coffee', 'title': 'Coffee & Tea'}]","{'latitude': 32.7480812, 'longitude': -117.1306915}",(858) 429-9361,5194.6083225847915,wHcZpIoNZ6smRlp9asPikg,https://s3-media4.fl.yelpcdn.com/bphoto/x_TliSeRyKpx2iY39PO9aQ/o.jpg,False,"{'address1': '2911 University Ave', 'address2': '', 'address3': '', 'city': 'San Diego', 'zip_code': '92104', 'country': 'US', 'state': 'CA', 'display_address': ['2911 University Ave', 'San Diego, CA 92104']}",Holsem Coffee,+18584299361,$,4.5,816,[],https://www.yelp.com/biz/holsem-coffee-san-diego?adjust_creative=aRVAoRVyM2B_4sfVQIy4Yw&utm_campaign=yelp_api_v3&utm_medium=api_v3_business_search&utm_source=aRVAoRVyM2B_4sfVQIy4Yw
cafe-moto-san-diego,"[{'alias': 'coffee', 'title': 'Coffee & Tea'}, {'alias': 'cafes', 'title': 'Cafes'}]","{'latitude': 32.69563, 'longitude': -117.13766}",(619) 239-6686,10672.008078864113,33h292Wn2AcY3BP7_iyCgg,https://s3-media2.fl.yelpcdn.com/bphoto/xD-cVc8sHSMieA_OFWGXXA/o.jpg,False,"{'address1': '2619 National Ave', 'address2': '', 'address3': '', 'city': 'San Diego', 'zip_code': '92113', 'country': 'US', 'state': 'CA', 'display_address': ['2619 National Ave', 'San Diego, CA 92113']}",Cafe Moto,+16192396686,$,4.5,432,[],https://www.yelp.com/biz/cafe-moto-san-diego?adjust_creative=aRVAoRVyM2B_4sfVQIy4Yw&utm_campaign=yelp_api_v3&utm_medium=api_v3_business_search&utm_source=aRVAoRVyM2B_4sfVQIy4Yw
cafe-hue-san-diego,"[{'alias': 'creperies', 'title': 'Creperies'}, {'alias': 'desserts', 'title': 'Desserts'}, {'alias': 'waffles', 'title': 'Waffles'}]","{'latitude': 32.814491489443, 'longitude': -117.15395450592}",(858) 571-7947,2660.039855003786,I58dlCQGEPqXNY39AS7xuQ,https://s3-media1.fl.yelpcdn.com/bphoto/toUa1VEl5Z3ksEPdl2EJKw/o.jpg,False,"{'address1': '3860 Convoy St', 'address2': 'Ste 106', 'address3': '', 'city': 'San Diego', 'zip_code': '92111', 'country': 'US', 'state': 'CA', 'display_address': ['3860 Convoy St', 'Ste 106', 'San Diego, CA 92111']}",Cafe Hue,+18585717947,$,4.0,1054,"['pickup', 'delivery']",https://www.yelp.com/biz/cafe-hue-san-diego?adjust_creative=aRVAoRVyM2B_4sfVQIy4Yw&utm_campaign=yelp_api_v3&utm_medium=api_v3_business_search&utm_source=aRVAoRVyM2B_4sfVQIy4Yw
better-buzz-coffee-the-lab-san-diego,"[{'alias': 'coffee', 'title': 'Coffee & Tea'}]","{'latitude': 32.78365, 'longitude': -117.25232}",(858) 488-0400,9221.183748573036,WRcsnvtpu38vmwCGgv2HEw,https://s3-media3.fl.yelpcdn.com/bphoto/PXA0EfNcPx0Cc8Zy2t2TrA/o.jpg,False,"{'address1': '3745 Mission Blvd', 'address2': '', 'address3': '', 'city': 'San Diego', 'zip_code': '92109', 'country': 'US', 'state': 'CA', 'display_address': ['3745 Mission Blvd', 'San Diego, CA 92109']}",Better Buzz Coffee - The Lab,+18584880400,$,4.0,490,[],https://www.yelp.com/biz/better-buzz-coffee-the-lab-san-diego?adjust_creative=aRVAoRVyM2B_4sfVQIy4Yw&utm_campaign=yelp_api_v3&utm_medium=api_v3_business_search&utm_source=aRVAoRVyM2B_4sfVQIy4Yw
cafeina-cafe-san-diego,"[{'alias': 'cafes', 'title': 'Cafes'}, {'alias': 'coffee', 'title': 'Coffee & Tea'}]","{'latitude': 32.74992, 'longitude': -117.09519}",(619) 559-2776,7115.3815293076,dYYO31r_42KiUtdAp5ro2Q,https://s3-media1.fl.yelpcdn.com/bphoto/1O5ibn38EnwQ52fYrjqKOA/o.jpg,False,"{'address1': '4011 46th St', 'address2': None, 'address3': '', 'city': 'San Diego', 'zip_code': '92105', 'country': 'US', 'state': 'CA', 'display_address': ['4011 46th St', 'San Diego, CA 92105']}",Cafeina Cafe,+16195592776,,5.0,9,[],https://www.yelp.com/biz/cafeina-cafe-san-diego?adjust_creative=aRVAoRVyM2B_4sfVQIy4Yw&utm_campaign=yelp_api_v3&utm_medium=api_v3_business_search&utm_source=aRVAoRVyM2B_4sfVQIy4Yw
