alias,categories,coordinates,display_phone,distance,id,image_url,is_closed,location,name,phone,price,rating,review_count,transactions,url
holy-gelato-san-francisco,"[{'alias': 'icecream', 'title': 'Ice Cream & Frozen Yogurt'}, {'alias': 'gelato', 'title': 'Gelato'}, {'alias': 'coffee', 'title': 'Coffee & Tea'}]","{'latitude': 37.7624176, 'longitude': -122.4660266}",(415) 681-3061,2599.848458600241,WhTpALYvB4ZBMcT8fFVLvw,https://s3-media1.fl.yelpcdn.com/bphoto/E_E2UC2gQDI-zJjI5fWRog/o.jpg,False,"{'address1': '1392 9th Ave', 'address2': '', 'address3': '', 'city': 'San Francisco', 'zip_code': '94122', 'country': 'US', 'state': 'CA', 'display_address': ['1392 9th Ave', 'San Francisco, CA 94122']}",Holy Gelato!,+14156813061,$,4.5,1026,[],https://www.yelp.com/biz/holy-gelato-san-francisco?adjust_creative=aRVAoRVyM2B_4sfVQIy4Yw&utm_campaign=yelp_api_v3&utm_medium=api_v3_business_search&utm_source=aRVAoRVyM2B_4sfVQIy4Yw
san-franciscos-hometown-creamery-san-francisco,"[{'alias': 'icecream', 'title': 'Ice Cream & Frozen Yogurt'}]","{'latitude': 37.7643108, 'longitude': -122.4661588}",(415) 682-4977,2635.8092830446726,iTJ3jZ-dli9WLOrVsFXr6A,https://s3-media3.fl.yelpcdn.com/bphoto/IiQo65tKsFlOc6V4pLS8iQ/o.jpg,False,"{'address1': '1290 9th Ave', 'address2': '', 'address3': '', 'city': 'San Francisco', 'zip_code': '94122', 'country': 'US', 'state': 'CA', 'display_address': ['1290 9th Ave', 'San Francisco, CA 94122']}",San Francisco's Hometown Creamery,+14156824977,$,4.0,686,"['delivery', 'pickup']",https://www.yelp.com/biz/san-franciscos-hometown-creamery-san-francisco?adjust_creative=aRVAoRVyM2B_4sfVQIy4Yw&utm_campaign=yelp_api_v3&utm_medium=api_v3_business_search&utm_source=aRVAoRVyM2B_4sfVQIy4Yw
toy-boat-dessert-café-san-francisco-3,"[{'alias': 'icecream', 'title': 'Ice Cream & Frozen Yogurt'}, {'alias': 'sandwiches', 'title': 'Sandwiches'}, {'alias': 'wraps', 'title': 'Wraps'}]","{'latitude': 37.7829406410456, 'longitude': -122.463481798768}",(415) 751-7505,3412.0430073846924,PhRj3okiYEWNLnlCihwOHA,https://s3-media2.fl.yelpcdn.com/bphoto/SZLwGiAg2WP8UbOpHuRkoQ/o.jpg,False,"{'address1': '401 Clement St', 'address2': '', 'address3': '', 'city': 'San Francisco', 'zip_code': '94118', 'country': 'US', 'state': 'CA', 'display_address': ['401 Clement St', 'San Francisco, CA 94118']}",Toy Boat Dessert Café,+14157517505,$,4.0,657,"['delivery', 'pickup']",https://www.yelp.com/biz/toy-boat-dessert-caf%C3%A9-san-francisco-3?adjust_creative=aRVAoRVyM2B_4sfVQIy4Yw&utm_campaign=yelp_api_v3&utm_medium=api_v3_business_search&utm_source=aRVAoRVyM2B_4sfVQIy4Yw
garden-creamery-san-francisco-2,"[{'alias': 'icecream', 'title': 'Ice Cream & Frozen Yogurt'}, {'alias': 'foodtrucks', 'title': 'Food Trucks'}, {'alias': 'catering', 'title': 'Caterers'}]","{'latitude': 37.7497024536133, 'longitude': -122.415405273438}",(808) 224-6626,2095.255154655183,ofFgj0sd8iDQunY00hhDVQ,https://s3-media3.fl.yelpcdn.com/bphoto/DvPedVgB6DVDbbcy2J7BKw/o.jpg,False,"{'address1': '', 'address2': '', 'address3': '', 'city': 'San Francisco', 'zip_code': '94110', 'country': 'US', 'state': 'CA', 'display_address': ['San Francisco, CA 94110']}",Garden Creamery,+18082246626,$,4.5,136,[],https://www.yelp.com/biz/garden-creamery-san-francisco-2?adjust_creative=aRVAoRVyM2B_4sfVQIy4Yw&utm_campaign=yelp_api_v3&utm_medium=api_v3_business_search&utm_source=aRVAoRVyM2B_4sfVQIy4Yw
freezing-point-creamery-oakland,"[{'alias': 'juicebars', 'title': 'Juice Bars & Smoothies'}, {'alias': 'icecream', 'title': 'Ice Cream & Frozen Yogurt'}, {'alias': 'desserts', 'title': 'Desserts'}]","{'latitude': 37.7982924, 'longitude': -122.2716133}",(510) 394-8203,15071.378502411451,Kf2I9OmrgMpUk3_jSPsV1A,https://s3-media4.fl.yelpcdn.com/bphoto/qxyL6ayAEVxYPdjW6RG0Ew/o.jpg,False,"{'address1': '349 7th St', 'address2': None, 'address3': '', 'city': 'Oakland', 'zip_code': '94607', 'country': 'US', 'state': 'CA', 'display_address': ['349 7th St', 'Oakland, CA 94607']}",Freezing Point Creamery,+15103948203,$,4.0,283,[],https://www.yelp.com/biz/freezing-point-creamery-oakland?adjust_creative=aRVAoRVyM2B_4sfVQIy4Yw&utm_campaign=yelp_api_v3&utm_medium=api_v3_business_search&utm_source=aRVAoRVyM2B_4sfVQIy4Yw
kaleidoscope-coffee-richmond,"[{'alias': 'coffee', 'title': 'Coffee & Tea'}, {'alias': 'icecream', 'title': 'Ice Cream & Frozen Yogurt'}]","{'latitude': 37.9267555620929, 'longitude': -122.384824076137}",(510) 260-0848,18991.25673593857,rdgIUJDh3Rnssu3fnzBR9A,https://s3-media1.fl.yelpcdn.com/bphoto/m8o2BLpydRwXOC455qN99g/o.jpg,False,"{'address1': '109 Park Pl', 'address2': '', 'address3': '', 'city': 'Richmond', 'zip_code': '94801', 'country': 'US', 'state': 'CA', 'display_address': ['109 Park Pl', 'Richmond, CA 94801']}",Kaleidoscope Coffee,+15102600848,$,4.5,180,[],https://www.yelp.com/biz/kaleidoscope-coffee-richmond?adjust_creative=aRVAoRVyM2B_4sfVQIy4Yw&utm_campaign=yelp_api_v3&utm_medium=api_v3_business_search&utm_source=aRVAoRVyM2B_4sfVQIy4Yw
philmore-creamery-san-francisco-3,"[{'alias': 'gelato', 'title': 'Gelato'}, {'alias': 'icecream', 'title': 'Ice Cream & Frozen Yogurt'}, {'alias': 'coffee', 'title': 'Coffee & Tea'}]","{'latitude': 37.7865093379388, 'longitude': -122.43329192402}",(415) 937-6162,2864.9146874271228,DicCVq8FwpfT9lD40B_sxg,https://s3-media3.fl.yelpcdn.com/bphoto/Mb_LXqFtTfEYWHGoBTVi4g/o.jpg,False,"{'address1': '1840 Fillmore St', 'address2': None, 'address3': '', 'city': 'San Francisco', 'zip_code': '94115', 'country': 'US', 'state': 'CA', 'display_address': ['1840 Fillmore St', 'San Francisco, CA 94115']}",Philmore Creamery,+14159376162,$$,4.5,170,[],https://www.yelp.com/biz/philmore-creamery-san-francisco-3?adjust_creative=aRVAoRVyM2B_4sfVQIy4Yw&utm_campaign=yelp_api_v3&utm_medium=api_v3_business_search&utm_source=aRVAoRVyM2B_4sfVQIy4Yw
bi-rite-creamery-san-francisco,"[{'alias': 'icecream', 'title': 'Ice Cream & Frozen Yogurt'}, {'alias': 'bakeries', 'title': 'Bakeries'}]","{'latitude': 37.761591, 'longitude': -122.425717}",(415) 626-5600,946.3867385272524,wGl_DyNxSv8KUtYgiuLhmA,https://s3-media2.fl.yelpcdn.com/bphoto/tLwFRwoq7jOTDBJHc6b5-w/o.jpg,False,"{'address1': '3692 18th St', 'address2': None, 'address3': '', 'city': 'San Francisco', 'zip_code': '94110', 'country': 'US', 'state': 'CA', 'display_address': ['3692 18th St', 'San Francisco, CA 94110']}",Bi-Rite Creamery,+14156265600,$,4.5,9452,[],https://www.yelp.com/biz/bi-rite-creamery-san-francisco?adjust_creative=aRVAoRVyM2B_4sfVQIy4Yw&utm_campaign=yelp_api_v3&utm_medium=api_v3_business_search&utm_source=aRVAoRVyM2B_4sfVQIy4Yw
milkbomb-ice-cream-san-francisco-3,"[{'alias': 'icecream', 'title': 'Ice Cream & Frozen Yogurt'}, {'alias': 'desserts', 'title': 'Desserts'}, {'alias': 'donuts', 'title': 'Donuts'}]","{'latitude': 37.76475, 'longitude': -122.40077}",(415) 780-4429,3125.4214200424317,LFEBCjZ-M3XUFJDszYFX6A,https://s3-media2.fl.yelpcdn.com/bphoto/_4XvF3LXK_a5YejNevOgDg/o.jpg,False,"{'address1': '1717 17th St', 'address2': None, 'address3': None, 'city': 'San Francisco', 'zip_code': '94107', 'country': 'US', 'state': 'CA', 'display_address': ['1717 17th St', 'San Francisco, CA 94107']}",Milkbomb Ice Cream,+14157804429,$,4.5,535,[],https://www.yelp.com/biz/milkbomb-ice-cream-san-francisco-3?adjust_creative=aRVAoRVyM2B_4sfVQIy4Yw&utm_campaign=yelp_api_v3&utm_medium=api_v3_business_search&utm_source=aRVAoRVyM2B_4sfVQIy4Yw
salt-and-straw-san-francisco-4,"[{'alias': 'icecream', 'title': 'Ice Cream & Frozen Yogurt'}]","{'latitude': 37.78993, 'longitude': -122.43432}",(415) 829-2803,3239.7391745819514,_5Dzuo9r5vaXsqy8P9AlOQ,https://s3-media3.fl.yelpcdn.com/bphoto/gfAnMlW9ZvrwVcs6W-IpPQ/o.jpg,False,"{'address1': '2201 Fillmore St', 'address2': None, 'address3': '', 'city': 'San Francisco', 'zip_code': '94115', 'country': 'US', 'state': 'CA', 'display_address': ['2201 Fillmore St', 'San Francisco, CA 94115']}",Salt & Straw,+14158292803,$$,4.5,856,[],https://www.yelp.com/biz/salt-and-straw-san-francisco-4?adjust_creative=aRVAoRVyM2B_4sfVQIy4Yw&utm_campaign=yelp_api_v3&utm_medium=api_v3_business_search&utm_source=aRVAoRVyM2B_4sfVQIy4Yw
sightglass-coffee-san-francisco-7,"[{'alias': 'coffee', 'title': 'Coffee & Tea'}]","{'latitude': 37.7768998, 'longitude': -122.4086371}",(415) 861-1313,3023.3683621763153,VD527WwvrhE3Nhzf5vaMNw,https://s3-media2.fl.yelpcdn.com/bphoto/4psh1vVupE7Iur4UGTL0SA/o.jpg,False,"{'address1': '270 Seventh St', 'address2': '', 'address3': None, 'city': 'San Francisco', 'zip_code': '94103', 'country': 'US', 'state': 'CA', 'display_address': ['270 Seventh St', 'San Francisco, CA 94103']}",Sightglass Coffee,+14158611313,$$,4.0,1765,[],https://www.yelp.com/biz/sightglass-coffee-san-francisco-7?adjust_creative=aRVAoRVyM2B_4sfVQIy4Yw&utm_campaign=yelp_api_v3&utm_medium=api_v3_business_search&utm_source=aRVAoRVyM2B_4sfVQIy4Yw
over-the-moon-san-francisco-2,"[{'alias': 'icecream', 'title': 'Ice Cream & Frozen Yogurt'}, {'alias': 'bakeries', 'title': 'Bakeries'}]","{'latitude': 37.8005994, 'longitude': -122.4387175}",(415) 359-0055,4418.941763722308,s0rMCa8QP8e2XdH3vAnoLA,https://s3-media1.fl.yelpcdn.com/bphoto/ACheZAva50gFOXrjtVlPvg/o.jpg,False,"{'address1': '2144 Chestnut St', 'address2': '', 'address3': '', 'city': 'San Francisco', 'zip_code': '94109', 'country': 'US', 'state': 'CA', 'display_address': ['2144 Chestnut St', 'San Francisco, CA 94109']}",Over the Moon,+14153590055,$,4.0,342,"['delivery', 'pickup']",https://www.yelp.com/biz/over-the-moon-san-francisco-2?adjust_creative=aRVAoRVyM2B_4sfVQIy4Yw&utm_campaign=yelp_api_v3&utm_medium=api_v3_business_search&utm_source=aRVAoRVyM2B_4sfVQIy4Yw
pepitos-paletas-san-francisco,"[{'alias': 'icecream', 'title': 'Ice Cream & Frozen Yogurt'}]","{'latitude': 37.7530599, 'longitude': -122.407902}",(415) 475-1991,2656.560147849419,Ccg7JPMPiy_Fzm_xyHu0CQ,https://s3-media3.fl.yelpcdn.com/bphoto/RstGMXOYWBLLsJeo75iEFA/o.jpg,False,"{'address1': '2782 24th St', 'address2': '', 'address3': '', 'city': 'San Francisco', 'zip_code': '94110', 'country': 'US', 'state': 'CA', 'display_address': ['2782 24th St', 'San Francisco, CA 94110']}",Pepito's Paletas,+14154751991,$,4.5,86,"['delivery', 'pickup']",https://www.yelp.com/biz/pepitos-paletas-san-francisco?adjust_creative=aRVAoRVyM2B_4sfVQIy4Yw&utm_campaign=yelp_api_v3&utm_medium=api_v3_business_search&utm_source=aRVAoRVyM2B_4sfVQIy4Yw
over-the-moon-san-francisco-4,"[{'alias': 'icecream', 'title': 'Ice Cream & Frozen Yogurt'}, {'alias': 'bakeries', 'title': 'Bakeries'}, {'alias': 'desserts', 'title': 'Desserts'}]","{'latitude': 37.7947256902479, 'longitude': -122.395357134316}",(415) 445-9107,5214.2997816502575,EKYbFzPFPG4f2pgYyjGEuQ,https://s3-media3.fl.yelpcdn.com/bphoto/zBeSJ2GrnM-hDkHLm1OsVQ/o.jpg,False,"{'address1': '50 Drumm St Embarcadero 4', 'address2': '', 'address3': '', 'city': 'San Francisco', 'zip_code': '94111', 'country': 'US', 'state': 'CA', 'display_address': ['50 Drumm St Embarcadero 4', 'San Francisco, CA 94111']}",Over The Moon,+14154459107,$,4.0,190,"['delivery', 'pickup']",https://www.yelp.com/biz/over-the-moon-san-francisco-4?adjust_creative=aRVAoRVyM2B_4sfVQIy4Yw&utm_campaign=yelp_api_v3&utm_medium=api_v3_business_search&utm_source=aRVAoRVyM2B_4sfVQIy4Yw
beanery-san-francisco,"[{'alias': 'coffee', 'title': 'Coffee & Tea'}]","{'latitude': 37.7638261367704, 'longitude': -122.466385270526}",(415) 661-1255,2651.782869334709,7Ueg5nzWAPv3LMLc2k9alA,https://s3-media3.fl.yelpcdn.com/bphoto/ot0PNMSTSFUZyqIs7-V_zg/o.jpg,False,"{'address1': '1307 9th Ave', 'address2': '', 'address3': '', 'city': 'San Francisco', 'zip_code': '94122', 'country': 'US', 'state': 'CA', 'display_address': ['1307 9th Ave', 'San Francisco, CA 94122']}",Beanery,+14156611255,$,4.0,303,[],https://www.yelp.com/biz/beanery-san-francisco?adjust_creative=aRVAoRVyM2B_4sfVQIy4Yw&utm_campaign=yelp_api_v3&utm_medium=api_v3_business_search&utm_source=aRVAoRVyM2B_4sfVQIy4Yw
amausaan-uji-matcha-san-francisco-2,"[{'alias': 'desserts', 'title': 'Desserts'}, {'alias': 'icecream', 'title': 'Ice Cream & Frozen Yogurt'}]","{'latitude': 37.78325, 'longitude': -122.46315}",(510) 626-0666,3417.991718127504,SfFrwZKN-lDMwBmCEJjjVA,https://s3-media1.fl.yelpcdn.com/bphoto/ggxpGYYuAjGCrp9FVDE9Xw/o.jpg,False,"{'address1': '354 Clement St', 'address2': None, 'address3': '', 'city': 'San Francisco', 'zip_code': '94118', 'country': 'US', 'state': 'CA', 'display_address': ['354 Clement St', 'San Francisco, CA 94118']}",Amausaan Uji Matcha,+15106260666,,4.0,42,[],https://www.yelp.com/biz/amausaan-uji-matcha-san-francisco-2?adjust_creative=aRVAoRVyM2B_4sfVQIy4Yw&utm_campaign=yelp_api_v3&utm_medium=api_v3_business_search&utm_source=aRVAoRVyM2B_4sfVQIy4Yw
cookiebar-creamery-oakland-3,"[{'alias': 'icecream', 'title': 'Ice Cream & Frozen Yogurt'}, {'alias': 'desserts', 'title': 'Desserts'}]","{'latitude': 37.8007419478461, 'longitude': -122.275564993076}",(510) 250-9240,14816.796813230174,dIVGrB3wQOSgRhFuVKnQeA,https://s3-media1.fl.yelpcdn.com/bphoto/2iK0WIHOE6L0TjNUO40Vzw/o.jpg,False,"{'address1': '517 8th St', 'address2': '', 'address3': '', 'city': 'Oakland', 'zip_code': '94501', 'country': 'US', 'state': 'CA', 'display_address': ['517 8th St', 'Oakland, CA 94501']}",Cookiebar Creamery,+15102509240,$,4.5,431,"['delivery', 'pickup']",https://www.yelp.com/biz/cookiebar-creamery-oakland-3?adjust_creative=aRVAoRVyM2B_4sfVQIy4Yw&utm_campaign=yelp_api_v3&utm_medium=api_v3_business_search&utm_source=aRVAoRVyM2B_4sfVQIy4Yw
revenge-pies-san-francisco,"[{'alias': 'cookingclasses', 'title': 'Cooking Classes'}, {'alias': 'icecream', 'title': 'Ice Cream & Frozen Yogurt'}, {'alias': 'desserts', 'title': 'Desserts'}]","{'latitude': 37.768663, 'longitude': -122.416948}",,1919.153654785569,y9kEx6j6LwxYxYkWpgV1kA,https://s3-media1.fl.yelpcdn.com/bphoto/N_0rSKHchlfXFpD5jpzKuA/o.jpg,False,"{'address1': '160 14th St', 'address2': '', 'address3': '', 'city': 'San Francisco', 'zip_code': '94103', 'country': 'US', 'state': 'CA', 'display_address': ['160 14th St', 'San Francisco, CA 94103']}",Revenge Pies,,$$,4.0,62,[],https://www.yelp.com/biz/revenge-pies-san-francisco?adjust_creative=aRVAoRVyM2B_4sfVQIy4Yw&utm_campaign=yelp_api_v3&utm_medium=api_v3_business_search&utm_source=aRVAoRVyM2B_4sfVQIy4Yw
garden-creamery-san-francisco-3,"[{'alias': 'icecream', 'title': 'Ice Cream & Frozen Yogurt'}]","{'latitude': 37.7587301270631, 'longitude': -122.420380041003}",(808) 224-6626,1432.8899065178587,OvBC83vOK6vRw175vHiArg,https://s3-media3.fl.yelpcdn.com/bphoto/rYA9n55z3cNEvKD8yJ0JjQ/o.jpg,False,"{'address1': '3566 20th St', 'address2': '', 'address3': None, 'city': 'San Francisco', 'zip_code': '94110', 'country': 'US', 'state': 'CA', 'display_address': ['3566 20th St', 'San Francisco, CA 94110']}",Garden Creamery,+18082246626,$,4.5,705,[],https://www.yelp.com/biz/garden-creamery-san-francisco-3?adjust_creative=aRVAoRVyM2B_4sfVQIy4Yw&utm_campaign=yelp_api_v3&utm_medium=api_v3_business_search&utm_source=aRVAoRVyM2B_4sfVQIy4Yw
the-ice-cream-bar-san-francisco,"[{'alias': 'icecream', 'title': 'Ice Cream & Frozen Yogurt'}, {'alias': 'beer_and_wine', 'title': 'Beer, Wine & Spirits'}, {'alias': 'tradamerican', 'title': 'American (Traditional)'}]","{'latitude': 37.76643, 'longitude': -122.45033}",(415) 742-4932,1360.9876804770008,s3Vi_0iue-hIRJ7O78JzRQ,https://s3-media4.fl.yelpcdn.com/bphoto/bHiN7Qahhbq8GuvtB8vwuQ/o.jpg,False,"{'address1': '815 Cole St', 'address2': '', 'address3': '', 'city': 'San Francisco', 'zip_code': '94117', 'country': 'US', 'state': 'CA', 'display_address': ['815 Cole St', 'San Francisco, CA 94117']}",The Ice Cream Bar,+14157424932,$$,4.0,1290,['pickup'],https://www.yelp.com/biz/the-ice-cream-bar-san-francisco?adjust_creative=aRVAoRVyM2B_4sfVQIy4Yw&utm_campaign=yelp_api_v3&utm_medium=api_v3_business_search&utm_source=aRVAoRVyM2B_4sfVQIy4Yw
its-it-ice-cream-burlingame,"[{'alias': 'icecream', 'title': 'Ice Cream & Frozen Yogurt'}]","{'latitude': 37.59434, 'longitude': -122.36686}",(650) 347-2122,19505.787293313653,AR6oETriEn3MK3MVw2_hOA,https://s3-media1.fl.yelpcdn.com/bphoto/IDWxFMY1LEIS3g994Qgb-g/o.jpg,False,"{'address1': '865 Burlway Rd', 'address2': '', 'address3': '', 'city': 'Burlingame', 'zip_code': '94010', 'country': 'US', 'state': 'CA', 'display_address': ['865 Burlway Rd', 'Burlingame, CA 94010']}",It's-It Ice Cream,+16503472122,$,4.5,403,[],https://www.yelp.com/biz/its-it-ice-cream-burlingame?adjust_creative=aRVAoRVyM2B_4sfVQIy4Yw&utm_campaign=yelp_api_v3&utm_medium=api_v3_business_search&utm_source=aRVAoRVyM2B_4sfVQIy4Yw
shaws-san-francisco-san-francisco,"[{'alias': 'candy', 'title': 'Candy Stores'}, {'alias': 'icecream', 'title': 'Ice Cream & Frozen Yogurt'}]","{'latitude': 37.7395799, 'longitude': -122.46763}",(415) 681-2702,3623.5963568627717,XsiCbtGKRRJd3wQlwx99vQ,https://s3-media2.fl.yelpcdn.com/bphoto/H5IGi-Ghil7Yf6Linte7XQ/o.jpg,False,"{'address1': '122 W Portal Ave', 'address2': '', 'address3': '', 'city': 'San Francisco', 'zip_code': '94127', 'country': 'US', 'state': 'CA', 'display_address': ['122 W Portal Ave', 'San Francisco, CA 94127']}",Shaw's San Francisco,+14156812702,$,4.0,144,[],https://www.yelp.com/biz/shaws-san-francisco-san-francisco?adjust_creative=aRVAoRVyM2B_4sfVQIy4Yw&utm_campaign=yelp_api_v3&utm_medium=api_v3_business_search&utm_source=aRVAoRVyM2B_4sfVQIy4Yw
cold-stone-creamery-daly-city,"[{'alias': 'icecream', 'title': 'Ice Cream & Frozen Yogurt'}, {'alias': 'customcakes', 'title': 'Custom Cakes'}, {'alias': 'cupcakes', 'title': 'Cupcakes'}]","{'latitude': 37.70362, 'longitude': -122.47022}",(650) 992-3889,7175.367455307157,EQlaIdGGf1vXMyEw6yE3sQ,https://s3-media2.fl.yelpcdn.com/bphoto/xLHjgZM4metgQTBML-DSqA/o.jpg,False,"{'address1': '1901 Junipero Serra Blvd', 'address2': 'Ste F', 'address3': '', 'city': 'Daly City', 'zip_code': '94014', 'country': 'US', 'state': 'CA', 'display_address': ['1901 Junipero Serra Blvd', 'Ste F', 'Daly City, CA 94014']}",Cold Stone Creamery,+16509923889,$,3.5,150,[],https://www.yelp.com/biz/cold-stone-creamery-daly-city?adjust_creative=aRVAoRVyM2B_4sfVQIy4Yw&utm_campaign=yelp_api_v3&utm_medium=api_v3_business_search&utm_source=aRVAoRVyM2B_4sfVQIy4Yw
joes-ice-cream-san-francisco,"[{'alias': 'icecream', 'title': 'Ice Cream & Frozen Yogurt'}, {'alias': 'burgers', 'title': 'Burgers'}, {'alias': 'hotdog', 'title': 'Hot Dogs'}]","{'latitude': 37.78077, 'longitude': -122.47777}",(415) 751-1950,4257.34420047935,-STLHuhs2WXTOa1ucsRb_w,https://s3-media3.fl.yelpcdn.com/bphoto/_qT5bQ211Ro2Yonr02U_uw/o.jpg,False,"{'address1': '5420 Geary Blvd', 'address2': '', 'address3': '', 'city': 'San Francisco', 'zip_code': '94121', 'country': 'US', 'state': 'CA', 'display_address': ['5420 Geary Blvd', 'San Francisco, CA 94121']}",Joe's Ice Cream,+14157511950,$,4.0,816,"['delivery', 'pickup']",https://www.yelp.com/biz/joes-ice-cream-san-francisco?adjust_creative=aRVAoRVyM2B_4sfVQIy4Yw&utm_campaign=yelp_api_v3&utm_medium=api_v3_business_search&utm_source=aRVAoRVyM2B_4sfVQIy4Yw
the-castro-fountain-san-francisco,"[{'alias': 'bakeries', 'title': 'Bakeries'}, {'alias': 'icecream', 'title': 'Ice Cream & Frozen Yogurt'}]","{'latitude': 37.75999, 'longitude': -122.43528}",(415) 834-5457,144.05621241795677,Rqahy3oCYnQCYd2Shc3cVA,https://s3-media4.fl.yelpcdn.com/bphoto/86c4r1CSUwDtJ2YJh2SQjw/o.jpg,False,"{'address1': '554 Castro St', 'address2': '', 'address3': None, 'city': 'San Francisco', 'zip_code': '94114', 'country': 'US', 'state': 'CA', 'display_address': ['554 Castro St', 'San Francisco, CA 94114']}",The Castro Fountain,+14158345457,$$,4.5,110,[],https://www.yelp.com/biz/the-castro-fountain-san-francisco?adjust_creative=aRVAoRVyM2B_4sfVQIy4Yw&utm_campaign=yelp_api_v3&utm_medium=api_v3_business_search&utm_source=aRVAoRVyM2B_4sfVQIy4Yw
sweet-connections-san-bruno,"[{'alias': 'icecream', 'title': 'Ice Cream & Frozen Yogurt'}, {'alias': 'venues', 'title': 'Venues & Event Spaces'}, {'alias': 'shavedice', 'title': 'Shaved Ice'}]","{'latitude': 37.622261, 'longitude': -122.410946}",(650) 588-4008,15578.312813321105,mYsfv-NKTGi6Acch2HYC0w,https://s3-media4.fl.yelpcdn.com/bphoto/zqVEfiEv5EVniI6iuVjkFA/o.jpg,False,"{'address1': '430 San Mateo Ave', 'address2': '', 'address3': '', 'city': 'San Bruno', 'zip_code': '94066', 'country': 'US', 'state': 'CA', 'display_address': ['430 San Mateo Ave', 'San Bruno, CA 94066']}",Sweet Connections,+16505884008,$,4.5,166,[],https://www.yelp.com/biz/sweet-connections-san-bruno?adjust_creative=aRVAoRVyM2B_4sfVQIy4Yw&utm_campaign=yelp_api_v3&utm_medium=api_v3_business_search&utm_source=aRVAoRVyM2B_4sfVQIy4Yw
the-baked-bear-san-francisco-12,"[{'alias': 'desserts', 'title': 'Desserts'}, {'alias': 'bakeries', 'title': 'Bakeries'}, {'alias': 'icecream', 'title': 'Ice Cream & Frozen Yogurt'}]","{'latitude': 37.798138, 'longitude': -122.407257}",(415) 993-2327,4871.031965914967,7YxKRfOZtsuH702EkyTwtw,https://s3-media1.fl.yelpcdn.com/bphoto/K3RBwklEFjMP_sEYLvpCAg/o.jpg,False,"{'address1': '303 Columbus Ave', 'address2': None, 'address3': '', 'city': 'San Francisco', 'zip_code': '94133', 'country': 'US', 'state': 'CA', 'display_address': ['303 Columbus Ave', 'San Francisco, CA 94133']}",The Baked Bear,+14159932327,$,4.5,421,"['delivery', 'pickup']",https://www.yelp.com/biz/the-baked-bear-san-francisco-12?adjust_creative=aRVAoRVyM2B_4sfVQIy4Yw&utm_campaign=yelp_api_v3&utm_medium=api_v3_business_search&utm_source=aRVAoRVyM2B_4sfVQIy4Yw
humphry-slocombe-ice-cream-san-francisco,"[{'alias': 'icecream', 'title': 'Ice Cream & Frozen Yogurt'}]","{'latitude': 37.75279, 'longitude': -122.4122}",(415) 550-6971,2316.757442605059,47OC_X6KkiDDQ4jwoCUjFg,https://s3-media1.fl.yelpcdn.com/bphoto/N9XikmqttZy5StpPxkJing/o.jpg,False,"{'address1': '2790A Harrison St', 'address2': '', 'address3': '', 'city': 'San Francisco', 'zip_code': '94110', 'country': 'US', 'state': 'CA', 'display_address': ['2790A Harrison St', 'San Francisco, CA 94110']}",Humphry Slocombe Ice Cream,+14155506971,$,4.0,3331,['delivery'],https://www.yelp.com/biz/humphry-slocombe-ice-cream-san-francisco?adjust_creative=aRVAoRVyM2B_4sfVQIy4Yw&utm_campaign=yelp_api_v3&utm_medium=api_v3_business_search&utm_source=aRVAoRVyM2B_4sfVQIy4Yw
amorino-san-francisco-3,"[{'alias': 'gelato', 'title': 'Gelato'}]","{'latitude': 37.7902836, 'longitude': -122.4054164}",(415) 429-2722,4256.038567489395,G-owbz213vngBn4nNWsbxw,https://s3-media4.fl.yelpcdn.com/bphoto/H63_LUqq5Kb06nZTY8z59A/o.jpg,False,"{'address1': '338 Grant Ave', 'address2': '', 'address3': None, 'city': 'San Francisco', 'zip_code': '94108', 'country': 'US', 'state': 'CA', 'display_address': ['338 Grant Ave', 'San Francisco, CA 94108']}",Amorino,+14154292722,,4.5,30,[],https://www.yelp.com/biz/amorino-san-francisco-3?adjust_creative=aRVAoRVyM2B_4sfVQIy4Yw&utm_campaign=yelp_api_v3&utm_medium=api_v3_business_search&utm_source=aRVAoRVyM2B_4sfVQIy4Yw
the-baked-bear-san-francisco-13,"[{'alias': 'icecream', 'title': 'Ice Cream & Frozen Yogurt'}, {'alias': 'bakeries', 'title': 'Bakeries'}]","{'latitude': 37.8072919, 'longitude': -122.417122}",(415) 993-2327,5441.718962298469,W01ZzmeWz0vJip3TVDmdyA,https://s3-media3.fl.yelpcdn.com/bphoto/aRJrNs8ur5CHLWL76UKeJg/o.jpg,False,"{'address1': '2824 Jones St', 'address2': '', 'address3': '', 'city': 'San Francisco', 'zip_code': '94133', 'country': 'US', 'state': 'CA', 'display_address': ['2824 Jones St', 'San Francisco, CA 94133']}",The Baked Bear,+14159932327,$,4.5,374,[],https://www.yelp.com/biz/the-baked-bear-san-francisco-13?adjust_creative=aRVAoRVyM2B_4sfVQIy4Yw&utm_campaign=yelp_api_v3&utm_medium=api_v3_business_search&utm_source=aRVAoRVyM2B_4sfVQIy4Yw
little-gem-belgian-waffles-berkeley,"[{'alias': 'desserts', 'title': 'Desserts'}, {'alias': 'icecream', 'title': 'Ice Cream & Frozen Yogurt'}, {'alias': 'waffles', 'title': 'Waffles'}]","{'latitude': 37.8656, 'longitude': -122.25882}",(510) 883-8922,19463.96532154294,IQmJ9K15sGYw39s1yqY6Dg,https://s3-media3.fl.yelpcdn.com/bphoto/pMfNtf_PNCfWXw1Dz8Wj3Q/o.jpg,False,"{'address1': '2468-A Telegraph Ave', 'address2': '', 'address3': '', 'city': 'Berkeley', 'zip_code': '94704', 'country': 'US', 'state': 'CA', 'display_address': ['2468-A Telegraph Ave', 'Berkeley, CA 94704']}",Little Gem Belgian Waffles,+15108838922,$,4.5,380,['pickup'],https://www.yelp.com/biz/little-gem-belgian-waffles-berkeley?adjust_creative=aRVAoRVyM2B_4sfVQIy4Yw&utm_campaign=yelp_api_v3&utm_medium=api_v3_business_search&utm_source=aRVAoRVyM2B_4sfVQIy4Yw
brioche-bakery-and-cafe-san-francisco,"[{'alias': 'bakeries', 'title': 'Bakeries'}, {'alias': 'breakfast_brunch', 'title': 'Breakfast & Brunch'}, {'alias': 'cafes', 'title': 'Cafes'}]","{'latitude': 37.7973133, 'longitude': -122.4055275}",(415) 765-0412,4870.4581749098215,QQwsy-M3O5w6FSPaVFJ3uQ,https://s3-media3.fl.yelpcdn.com/bphoto/X5F4PFI7dxSNkQmvtRK-Jw/o.jpg,False,"{'address1': '210 Columbus Ave', 'address2': None, 'address3': '', 'city': 'San Francisco', 'zip_code': '94133', 'country': 'US', 'state': 'CA', 'display_address': ['210 Columbus Ave', 'San Francisco, CA 94133']}",Brioche Bakery & Cafe,+14157650412,$$,4.0,473,[],https://www.yelp.com/biz/brioche-bakery-and-cafe-san-francisco?adjust_creative=aRVAoRVyM2B_4sfVQIy4Yw&utm_campaign=yelp_api_v3&utm_medium=api_v3_business_search&utm_source=aRVAoRVyM2B_4sfVQIy4Yw
cafe-international-san-francisco,"[{'alias': 'coffee', 'title': 'Coffee & Tea'}, {'alias': 'sandwiches', 'title': 'Sandwiches'}, {'alias': 'bagels', 'title': 'Bagels'}]","{'latitude': 37.77227, 'longitude': -122.43084}",(415) 552-7390,1354.8608862377914,6iR0zBfiup79DErYKAXY0Q,https://s3-media1.fl.yelpcdn.com/bphoto/Wv0ZeSOW4K2QJ5FEK0UaNw/o.jpg,False,"{'address1': '508 Haight St', 'address2': '', 'address3': '', 'city': 'San Francisco', 'zip_code': '94117', 'country': 'US', 'state': 'CA', 'display_address': ['508 Haight St', 'San Francisco, CA 94117']}",Cafe International,+14155527390,$,4.0,400,[],https://www.yelp.com/biz/cafe-international-san-francisco?adjust_creative=aRVAoRVyM2B_4sfVQIy4Yw&utm_campaign=yelp_api_v3&utm_medium=api_v3_business_search&utm_source=aRVAoRVyM2B_4sfVQIy4Yw
gotts-roadside-takeout-window-san-francisco-2,"[{'alias': 'icecream', 'title': 'Ice Cream & Frozen Yogurt'}]","{'latitude': 37.7955680601625, 'longitude': -122.393828853965}",(415) 318-3423,5374.971149887004,i_in2RdvwPqY6O9KDnXeGw,https://s3-media2.fl.yelpcdn.com/bphoto/_PY7p8FnDHRYoJ7tkPWHUA/o.jpg,False,"{'address1': '1 Ferry Bldg', 'address2': 'Ste 6', 'address3': '', 'city': 'San Francisco', 'zip_code': '94111', 'country': 'US', 'state': 'CA', 'display_address': ['1 Ferry Bldg', 'Ste 6', 'San Francisco, CA 94111']}",Gott's Roadside - Takeout Window,+14153183423,$,3.5,51,[],https://www.yelp.com/biz/gotts-roadside-takeout-window-san-francisco-2?adjust_creative=aRVAoRVyM2B_4sfVQIy4Yw&utm_campaign=yelp_api_v3&utm_medium=api_v3_business_search&utm_source=aRVAoRVyM2B_4sfVQIy4Yw
cream-san-francisco-4,"[{'alias': 'desserts', 'title': 'Desserts'}, {'alias': 'icecream', 'title': 'Ice Cream & Frozen Yogurt'}, {'alias': 'juicebars', 'title': 'Juice Bars & Smoothies'}]","{'latitude': 37.7649287, 'longitude': -122.4220293}",(415) 400-4551,1344.2658734172287,YDI3cc5EoDA34vBf-aDooA,https://s3-media2.fl.yelpcdn.com/bphoto/DulnCJAfpvqa1e1ExnJmzw/o.jpg,False,"{'address1': '3106 16th St', 'address2': '', 'address3': '', 'city': 'San Francisco', 'zip_code': '94103', 'country': 'US', 'state': 'CA', 'display_address': ['3106 16th St', 'San Francisco, CA 94103']}",CREAM,+14154004551,$,4.0,559,[],https://www.yelp.com/biz/cream-san-francisco-4?adjust_creative=aRVAoRVyM2B_4sfVQIy4Yw&utm_campaign=yelp_api_v3&utm_medium=api_v3_business_search&utm_source=aRVAoRVyM2B_4sfVQIy4Yw
ghirardelli-ice-cream-and-chocolate-shop-san-francisco-3,"[{'alias': 'icecream', 'title': 'Ice Cream & Frozen Yogurt'}, {'alias': 'chocolate', 'title': 'Chocolatiers & Shops'}]","{'latitude': 37.7884629296437, 'longitude': -122.401954941452}",(415) 536-7830,4310.930190733974,16e5laqIVZrId4DNoJeTaQ,https://s3-media1.fl.yelpcdn.com/bphoto/4ydj9Jo-3tBfPESPz-J5bg/o.jpg,False,"{'address1': '2 New Montgomery St', 'address2': '', 'address3': '', 'city': 'San Francisco', 'zip_code': '94105', 'country': 'US', 'state': 'CA', 'display_address': ['2 New Montgomery St', 'San Francisco, CA 94105']}",Ghirardelli Ice Cream & Chocolate Shop,+14155367830,$$,4.0,492,[],https://www.yelp.com/biz/ghirardelli-ice-cream-and-chocolate-shop-san-francisco-3?adjust_creative=aRVAoRVyM2B_4sfVQIy4Yw&utm_campaign=yelp_api_v3&utm_medium=api_v3_business_search&utm_source=aRVAoRVyM2B_4sfVQIy4Yw
easy-breezy-frozen-yogurt-san-francisco-4,"[{'alias': 'icecream', 'title': 'Ice Cream & Frozen Yogurt'}]","{'latitude': 37.7641883, 'longitude': -122.4656878}",(415) 213-5990,2596.304928909003,8GjSS8YZBMAj0MKm11Awvw,https://s3-media2.fl.yelpcdn.com/bphoto/40YLL55uMyw0_k_cvXk94g/o.jpg,False,"{'address1': '718 Irving St', 'address2': '', 'address3': '', 'city': 'San Francisco', 'zip_code': '94122', 'country': 'US', 'state': 'CA', 'display_address': ['718 Irving St', 'San Francisco, CA 94122']}",Easy Breezy Frozen Yogurt,+14152135990,$,4.0,271,"['delivery', 'pickup']",https://www.yelp.com/biz/easy-breezy-frozen-yogurt-san-francisco-4?adjust_creative=aRVAoRVyM2B_4sfVQIy4Yw&utm_campaign=yelp_api_v3&utm_medium=api_v3_business_search&utm_source=aRVAoRVyM2B_4sfVQIy4Yw
matcha-café-maiko-san-francisco-3,"[{'alias': 'coffee', 'title': 'Coffee & Tea'}, {'alias': 'icecream', 'title': 'Ice Cream & Frozen Yogurt'}, {'alias': 'shavedice', 'title': 'Shaved Ice'}]","{'latitude': 37.785051, 'longitude': -122.432095}",(415) 757-0919,2712.6398841284977,sSiUcnbwPQ4ssHY3EMV0Fw,https://s3-media2.fl.yelpcdn.com/bphoto/OggJgIXun4eqnSwCx4ZgHw/o.jpg,False,"{'address1': '1581 Webster St', 'address2': None, 'address3': '', 'city': 'San Francisco', 'zip_code': '94115', 'country': 'US', 'state': 'CA', 'display_address': ['1581 Webster St', 'San Francisco, CA 94115']}",Matcha Café Maiko,+14157570919,$,4.5,693,[],https://www.yelp.com/biz/matcha-caf%C3%A9-maiko-san-francisco-3?adjust_creative=aRVAoRVyM2B_4sfVQIy4Yw&utm_campaign=yelp_api_v3&utm_medium=api_v3_business_search&utm_source=aRVAoRVyM2B_4sfVQIy4Yw
salt-and-straw-san-francisco-5,"[{'alias': 'icecream', 'title': 'Ice Cream & Frozen Yogurt'}, {'alias': 'desserts', 'title': 'Desserts'}]","{'latitude': 37.7766412, 'longitude': -122.4259532}",(415) 549-7445,1968.552259561984,CB5FsH1m4D0R5wZ0JFmKzw,https://s3-media2.fl.yelpcdn.com/bphoto/oplpbkuzVugCK1u2ns8iYA/o.jpg,False,"{'address1': '586 Hayes St', 'address2': '', 'address3': None, 'city': 'San Francisco', 'zip_code': '94102', 'country': 'US', 'state': 'CA', 'display_address': ['586 Hayes St', 'San Francisco, CA 94102']}",Salt & Straw,+14155497445,$$,4.5,401,[],https://www.yelp.com/biz/salt-and-straw-san-francisco-5?adjust_creative=aRVAoRVyM2B_4sfVQIy4Yw&utm_campaign=yelp_api_v3&utm_medium=api_v3_business_search&utm_source=aRVAoRVyM2B_4sfVQIy4Yw
delise-café-san-francisco-3,"[{'alias': 'coffee', 'title': 'Coffee & Tea'}, {'alias': 'bakeries', 'title': 'Bakeries'}, {'alias': 'icecream', 'title': 'Ice Cream & Frozen Yogurt'}]","{'latitude': 37.8056487, 'longitude': -122.4126805}",(415) 399-9694,5396.470363119757,aF4xIPIk7s82SXbYDv4X_g,https://s3-media3.fl.yelpcdn.com/bphoto/tC6LZuqYZh7fYqzlyuX0-Q/o.jpg,False,"{'address1': '327 Bay St', 'address2': '', 'address3': '', 'city': 'San Francisco', 'zip_code': '94133', 'country': 'US', 'state': 'CA', 'display_address': ['327 Bay St', 'San Francisco, CA 94133']}",DeLise Café,+14153999694,$,4.0,305,"['delivery', 'pickup']",https://www.yelp.com/biz/delise-caf%C3%A9-san-francisco-3?adjust_creative=aRVAoRVyM2B_4sfVQIy4Yw&utm_campaign=yelp_api_v3&utm_medium=api_v3_business_search&utm_source=aRVAoRVyM2B_4sfVQIy4Yw
ghirardelli-on-the-go-at-ghirardelli-square-san-francisco,"[{'alias': 'chocolate', 'title': 'Chocolatiers & Shops'}, {'alias': 'icecream', 'title': 'Ice Cream & Frozen Yogurt'}]","{'latitude': 37.8062451, 'longitude': -122.4225629}",(415) 441-2560,5187.4853605608905,mKF27ZPBgafMAvZ34l1A7w,https://s3-media2.fl.yelpcdn.com/bphoto/2u51AQ18vPTMLln_RTZOPw/o.jpg,False,"{'address1': '801 Beach St', 'address2': '', 'address3': '', 'city': 'San Francisco', 'zip_code': '94109', 'country': 'US', 'state': 'CA', 'display_address': ['801 Beach St', 'San Francisco, CA 94109']}",Ghirardelli-On-The-Go at Ghirardelli Square,+14154412560,$$,3.5,161,[],https://www.yelp.com/biz/ghirardelli-on-the-go-at-ghirardelli-square-san-francisco?adjust_creative=aRVAoRVyM2B_4sfVQIy4Yw&utm_campaign=yelp_api_v3&utm_medium=api_v3_business_search&utm_source=aRVAoRVyM2B_4sfVQIy4Yw
j-js-yogurt-san-mateo,"[{'alias': 'icecream', 'title': 'Ice Cream & Frozen Yogurt'}]","{'latitude': 37.5331691, 'longitude': -122.3263679}",(650) 921-1044,27022.488321119847,BaB8gpmdVh4Bk6xMU-HIhw,https://s3-media1.fl.yelpcdn.com/bphoto/d4vb5PfC9fgl7jlzsf2LKw/o.jpg,False,"{'address1': '1226 W Hillsdale Blvd', 'address2': '', 'address3': '', 'city': 'San Mateo', 'zip_code': '94403', 'country': 'US', 'state': 'CA', 'display_address': ['1226 W Hillsdale Blvd', 'San Mateo, CA 94403']}",J J's Yogurt,+16509211044,$,4.5,83,[],https://www.yelp.com/biz/j-js-yogurt-san-mateo?adjust_creative=aRVAoRVyM2B_4sfVQIy4Yw&utm_campaign=yelp_api_v3&utm_medium=api_v3_business_search&utm_source=aRVAoRVyM2B_4sfVQIy4Yw
jump-start-coffee-and-grocery-san-francisco-3,"[{'alias': 'coffee', 'title': 'Coffee & Tea'}, {'alias': 'sandwiches', 'title': 'Sandwiches'}, {'alias': 'beer_and_wine', 'title': 'Beer, Wine & Spirits'}]","{'latitude': 37.752118894686, 'longitude': -122.42306935858}",(415) 642-7555,1528.5327178159366,5oTMdBQj8cVvfr_Z7OkaYw,https://s3-media3.fl.yelpcdn.com/bphoto/2Xm4RZipqrwr-C31vIQ1jg/o.jpg,False,"{'address1': '1192 Guerrero St', 'address2': '', 'address3': '', 'city': 'San Francisco', 'zip_code': '94110', 'country': 'US', 'state': 'CA', 'display_address': ['1192 Guerrero St', 'San Francisco, CA 94110']}",Jump Start Coffee & Grocery,+14156427555,$,4.5,102,[],https://www.yelp.com/biz/jump-start-coffee-and-grocery-san-francisco-3?adjust_creative=aRVAoRVyM2B_4sfVQIy4Yw&utm_campaign=yelp_api_v3&utm_medium=api_v3_business_search&utm_source=aRVAoRVyM2B_4sfVQIy4Yw
upfordayz-coffee-san-francisco,"[{'alias': 'coffee', 'title': 'Coffee & Tea'}, {'alias': 'juicebars', 'title': 'Juice Bars & Smoothies'}, {'alias': 'breakfast_brunch', 'title': 'Breakfast & Brunch'}]","{'latitude': 37.75393, 'longitude': -122.42118}",,1547.006637257149,QRrVqIORkVzaNXRmQCiAuw,https://s3-media1.fl.yelpcdn.com/bphoto/6LVRRoQaavHVaiTbY-o2Ww/o.jpg,False,"{'address1': '1198 Valencia St', 'address2': 'unit 105', 'address3': '', 'city': 'San Francisco', 'zip_code': '94110', 'country': 'US', 'state': 'CA', 'display_address': ['1198 Valencia St', 'unit 105', 'San Francisco, CA 94110']}",UpForDayz Coffee,,,4.5,38,[],https://www.yelp.com/biz/upfordayz-coffee-san-francisco?adjust_creative=aRVAoRVyM2B_4sfVQIy4Yw&utm_campaign=yelp_api_v3&utm_medium=api_v3_business_search&utm_source=aRVAoRVyM2B_4sfVQIy4Yw
home-san-francisco-30,"[{'alias': 'coffee', 'title': 'Coffee & Tea'}]","{'latitude': 37.7544539255473, 'longitude': -122.477013878524}",(415) 742-0038,3637.584119729665,t0MUKjSjCaQeXHTGQlfosg,https://s3-media1.fl.yelpcdn.com/bphoto/rTJkrhU1pnjT-Yk5hWk7Tg/o.jpg,False,"{'address1': '1222 Noriega St', 'address2': None, 'address3': None, 'city': 'San Francisco', 'zip_code': '94122', 'country': 'US', 'state': 'CA', 'display_address': ['1222 Noriega St', 'San Francisco, CA 94122']}",Home,+14157420038,$,4.5,1016,[],https://www.yelp.com/biz/home-san-francisco-30?adjust_creative=aRVAoRVyM2B_4sfVQIy4Yw&utm_campaign=yelp_api_v3&utm_medium=api_v3_business_search&utm_source=aRVAoRVyM2B_4sfVQIy4Yw
the-mill-san-francisco,"[{'alias': 'coffee', 'title': 'Coffee & Tea'}, {'alias': 'bakeries', 'title': 'Bakeries'}, {'alias': 'desserts', 'title': 'Desserts'}]","{'latitude': 37.7764801534107, 'longitude': -122.437750024358}",(415) 345-1953,1736.2808394903705,-NbDKVqG170J19MqSQ5q_A,https://s3-media3.fl.yelpcdn.com/bphoto/W2auMNWbIzQzOuJD6t1SUw/o.jpg,False,"{'address1': '736 Divisadero St', 'address2': '', 'address3': '', 'city': 'San Francisco', 'zip_code': '94117', 'country': 'US', 'state': 'CA', 'display_address': ['736 Divisadero St', 'San Francisco, CA 94117']}",The Mill,+14153451953,$$,4.0,1084,[],https://www.yelp.com/biz/the-mill-san-francisco?adjust_creative=aRVAoRVyM2B_4sfVQIy4Yw&utm_campaign=yelp_api_v3&utm_medium=api_v3_business_search&utm_source=aRVAoRVyM2B_4sfVQIy4Yw
ritas-italian-ice-alameda,"[{'alias': 'icecream', 'title': 'Ice Cream & Frozen Yogurt'}, {'alias': 'desserts', 'title': 'Desserts'}]","{'latitude': 37.756541, 'longitude': -122.251098}",(510) 397-4597,16301.284942413578,zg8k15xx2EwHnB74UJhnFw,https://s3-media3.fl.yelpcdn.com/bphoto/VEIgoXaWY1HuIOmzNpFA3A/o.jpg,False,"{'address1': '417 S \xa0Shore Center', 'address2': '', 'address3': None, 'city': 'Alameda', 'zip_code': '94501', 'country': 'US', 'state': 'CA', 'display_address': ['417 S \xa0Shore Center', 'Alameda, CA 94501']}",Rita's Italian Ice,+15103974597,$,4.0,29,[],https://www.yelp.com/biz/ritas-italian-ice-alameda?adjust_creative=aRVAoRVyM2B_4sfVQIy4Yw&utm_campaign=yelp_api_v3&utm_medium=api_v3_business_search&utm_source=aRVAoRVyM2B_4sfVQIy4Yw
happy-cow-creamery-and-tea-san-francisco,"[{'alias': 'bubbletea', 'title': 'Bubble Tea'}, {'alias': 'icecream', 'title': 'Ice Cream & Frozen Yogurt'}]","{'latitude': 37.76059, 'longitude': -122.38812}",(415) 529-2015,4228.108588724943,WXAjDSOPkhm1vz4aYoLoqA,https://s3-media1.fl.yelpcdn.com/bphoto/YCS71LkCV-IJXLtH7DCQMg/o.jpg,False,"{'address1': '2291 3rd St', 'address2': '', 'address3': None, 'city': 'San Francisco', 'zip_code': '94107', 'country': 'US', 'state': 'CA', 'display_address': ['2291 3rd St', 'San Francisco, CA 94107']}",Happy Cow Creamery & Tea,+14155292015,,4.5,20,"['delivery', 'pickup']",https://www.yelp.com/biz/happy-cow-creamery-and-tea-san-francisco?adjust_creative=aRVAoRVyM2B_4sfVQIy4Yw&utm_campaign=yelp_api_v3&utm_medium=api_v3_business_search&utm_source=aRVAoRVyM2B_4sfVQIy4Yw
the-san-francisco-chocolate-store-san-francisco,"[{'alias': 'candy', 'title': 'Candy Stores'}, {'alias': 'chocolate', 'title': 'Chocolatiers & Shops'}, {'alias': 'icecream', 'title': 'Ice Cream & Frozen Yogurt'}]","{'latitude': 37.80822, 'longitude': -122.41466}",(415) 614-9440,5583.720671975646,6bbPUYpOy0WUdT5nO6YoUQ,https://s3-media4.fl.yelpcdn.com/bphoto/fAvpUks8LlRlEI3Xtd9G4w/o.jpg,False,"{'address1': '145 Jefferson St', 'address2': 'Ste 300', 'address3': '', 'city': 'San Francisco', 'zip_code': '94133', 'country': 'US', 'state': 'CA', 'display_address': ['145 Jefferson St', 'Ste 300', 'San Francisco, CA 94133']}",The San Francisco Chocolate Store,+14156149440,$$,4.0,117,[],https://www.yelp.com/biz/the-san-francisco-chocolate-store-san-francisco?adjust_creative=aRVAoRVyM2B_4sfVQIy4Yw&utm_campaign=yelp_api_v3&utm_medium=api_v3_business_search&utm_source=aRVAoRVyM2B_4sfVQIy4Yw
roll-and-bowl-alameda,"[{'alias': 'comfortfood', 'title': 'Comfort Food'}, {'alias': 'asianfusion', 'title': 'Asian Fusion'}, {'alias': 'icecream', 'title': 'Ice Cream & Frozen Yogurt'}]","{'latitude': 37.762848, 'longitude': -122.245206}",(510) 671-7866,16812.725685733065,FI0veywHLcErYNMxFePqng,https://s3-media2.fl.yelpcdn.com/bphoto/Ui_t0a3hR9M3b4puzTpdKg/o.jpg,False,"{'address1': '2302 Encinal Ave', 'address2': None, 'address3': '', 'city': 'Alameda', 'zip_code': '94501', 'country': 'US', 'state': 'CA', 'display_address': ['2302 Encinal Ave', 'Alameda, CA 94501']}",Roll & Bowl,+15106717866,$,5.0,45,[],https://www.yelp.com/biz/roll-and-bowl-alameda?adjust_creative=aRVAoRVyM2B_4sfVQIy4Yw&utm_campaign=yelp_api_v3&utm_medium=api_v3_business_search&utm_source=aRVAoRVyM2B_4sfVQIy4Yw
